v -0.5813 0.9408 -0.0001
v 0.5944 0.9627 -0.0000
v -0.7661 -1.2294 -0.0022
v 0.7395 -1.1962 0.0003
v 0.0002 -0.6618 1.0599
v -0.0008 0.7955 1.2830
v 0.0000 -0.5052 -0.8171
v -0.0001 0.6131 -0.9808
v 0.7286 0.0006 -0.4512
v 1.0415 -0.0001 0.6390
v -0.8749 -0.0000 -0.5450
v -1.0864 -0.0000 0.6705
v -0.9431 0.5837 0.3562
v -0.7704 0.4777 1.2373
v -0.3847 1.0084 0.6171
v 0.3854 1.0125 0.6219
v -0.0001 1.0918 -0.0003
v 0.3251 0.8617 -0.5313
v -0.3159 0.8370 -0.5179
v -0.5844 0.3575 -0.9334
v -0.9401 0.5775 -0.3590
v -1.0695 0.0000 -0.0003
v 0.7494 0.4654 1.2034
v 0.9188 0.5654 0.3485
v -0.6545 -0.4051 1.0589
v -0.0000 -0.0001 1.5147
v -0.8201 -0.5067 -0.3133
v -1.0060 -0.6217 0.3808
v 0.0003 -0.0001 -1.5021
v -0.4968 -0.3068 -0.8034
v 0.9699 0.5930 -0.3705
v 0.5569 0.3419 -0.8935
v 0.9261 -0.5712 0.3533
v 0.6644 -0.4112 1.0748
v 0.3389 -0.8889 0.5501
v -0.4047 -1.0657 0.6663
v -0.0002 -1.3583 0.0014
v -0.3051 -0.7990 -0.4940
v 0.3375 -0.8873 -0.5503
v 0.5008 -0.3094 -0.8101
v 0.8477 -0.5235 -0.3239
v 0.8009 -0.0001 -0.0003
v -0.7658 0.8103 0.1640
v -0.7454 0.8710 0.5346
v -0.4860 0.9487 0.2597
v -1.0614 0.2199 1.0034
v -0.9368 0.5815 0.7942
v -1.0276 0.2840 0.5257
v -0.2130 0.9721 1.0198
v -0.6456 0.8921 1.0337
v -0.3527 0.6568 1.2753
v -0.1793 1.0497 0.2870
v -0.3257 1.0535 -0.0003
v 0.2040 0.9395 0.9808
v 0.0027 1.1188 0.6864
v 0.3137 1.0190 -0.0003
v 0.2024 1.1832 0.3223
v 0.5156 1.0087 0.2771
v -0.1886 1.0877 -0.3067
v -0.4859 0.9505 -0.2630
v 0.4836 0.9472 -0.2623
v 0.1594 0.9395 -0.2612
v -0.1465 0.6889 -0.7188
v -0.0005 0.8074 -0.5022
v 0.1358 0.6354 -0.6650
v -0.6687 0.7872 -0.4860
v -0.7846 0.8302 -0.1698
v -0.2940 0.5493 -1.0544
v -0.4721 0.6567 -0.7653
v -0.9642 0.2649 -0.4957
v -0.8640 0.5272 -0.7381
v -0.7019 0.1411 -0.6656
v -0.9668 0.5970 0.0001
v -1.1500 0.0002 -0.3605
v -1.1508 0.3221 -0.1988
v -1.0597 0.2935 0.1781
v -1.0474 0.0000 0.3229
v 0.7175 0.8366 0.5172
v 0.8278 0.8723 0.1765
v 0.3791 0.7021 1.3631
v 0.5989 0.8200 0.9535
v 1.1648 0.3196 0.5863
v 0.8769 0.5431 0.7429
v 1.0648 0.2218 1.0055
v -0.4140 0.2566 1.4954
v -0.0005 0.4756 1.5265
v -1.1110 -0.2383 1.0562
v -0.7759 -0.0001 1.2562
v 0.0001 -0.4240 1.3589
v -0.3805 -0.2351 1.3756
v -0.3033 -0.5665 1.0982
v -1.1349 -0.3135 0.1902
v -1.1589 -0.3218 0.5866
v -0.8401 -0.2310 -0.4313
v -1.0006 -0.2762 -0.1716
v -0.8818 -0.9191 0.1888
v -0.8688 -0.5368 -0.0000
v -0.7363 -0.7738 -0.1594
v -0.6034 -0.0001 -0.9533
v -0.5784 -0.1189 -0.5502
v -0.0000 0.4195 -1.3398
v -0.3404 0.2096 -1.2227
v -0.2512 -0.4662 -0.9088
v -0.3480 -0.2140 -1.2406
v 0.0004 -0.4347 -1.3760
v 0.4587 0.6373 -0.7456
v 0.2795 0.5228 -1.0078
v 0.7764 0.8154 -0.1680
v 0.6610 0.7750 -0.4793
v 0.6362 0.1293 -0.6025
v 0.7153 0.4378 -0.6097
v 0.7722 0.2112 -0.3962
v 0.9281 -0.9740 0.2014
v 0.7380 -0.8641 0.5354
v 0.6284 -1.2233 0.3416
v 0.9240 -0.1902 0.8776
v 0.8441 -0.5220 0.7205
v 0.9297 -0.2565 0.4755
v 0.1446 -0.6694 0.7032
v 0.4891 -0.6771 0.7920
v 0.2862 -0.5321 1.0365
v 0.2067 -1.2237 0.3414
v 0.4045 -1.3104 0.0002
v -0.1655 -0.7767 0.8124
v 0.0011 -1.0027 0.6321
v -0.3897 -1.2568 0.0015
v -0.2218 -1.2907 0.3651
v -0.5842 -1.1372 0.3178
v 0.1935 -1.1376 -0.3168
v 0.5759 -1.1238 -0.3121
v -0.5011 -0.9777 -0.2703
v -0.1961 -1.1481 -0.3222
v 0.1307 -0.6050 -0.6356
v -0.0000 -0.7570 -0.4685
v -0.1395 -0.6493 -0.6818
v 0.6686 -0.7827 -0.4840
v 0.8437 -0.8869 -0.1827
v 0.2497 -0.4632 -0.9036
v 0.4213 -0.5823 -0.6818
v 0.7430 -0.2042 -0.3806
v 0.6606 -0.4081 -0.5642
v 0.5735 -0.1181 -0.5455
v 1.0436 -0.6391 -0.0002
v 0.7673 -0.0004 -0.2368
v 0.7776 -0.2146 -0.1330
v 0.8381 -0.2307 0.1428
v 0.9387 -0.0001 0.2851
v 0.3971 -0.2473 1.4340
v 0.7764 0.0006 1.2553
v 0.4344 0.2690 1.5609
v -0.8036 -0.9403 0.5827
v -0.5867 -0.8242 0.9531
v -0.9437 -0.5913 0.8087
v -0.4374 -0.6052 -0.7082
v -0.6341 -0.7424 -0.4590
v -0.6895 -0.4253 -0.5887
v 0.5278 -0.0000 -0.8523
v 0.3336 -0.2058 -1.2049
v 0.3330 0.2054 -1.2037
v 1.0351 0.2801 0.1712
v 0.9629 0.2600 -0.1640
v 0.9788 0.5974 0.0010
v -0.6377 0.8388 0.0733
v -0.6177 0.8689 0.2104
v -0.5191 0.9143 0.1189
v -0.8444 0.7132 0.4363
v -0.7965 0.8808 0.3446
v -0.8488 0.6948 0.2560
v -0.4426 0.9825 0.4262
v -0.5940 0.9077 0.3767
v -0.5622 0.9554 0.5810
v -1.0564 0.0931 0.8024
v -1.0305 0.2528 0.7323
v -1.0695 0.1402 0.6065
v -0.8703 0.5408 1.0253
v -1.0163 0.4071 0.9150
v -0.9197 0.3427 1.1149
v -1.0395 0.4559 0.4639
v -1.0495 0.4426 0.6829
v -0.9562 0.5927 0.5620
v -0.1005 0.8587 1.1270
v -0.2777 0.8074 1.1296
v -0.1654 0.7195 1.2618
v -0.5113 0.9884 0.8229
v -0.3973 0.9065 0.9950
v -0.3150 1.0314 0.8397
v -0.5539 0.5757 1.2698
v -0.4745 0.7448 1.1290
v -0.6999 0.6722 1.1227
v -0.8296 0.7258 0.6532
v -0.7782 0.7101 0.8852
v -0.6818 0.8527 0.7401
v -0.3943 0.9726 0.1264
v -0.4640 1.0010 -0.0002
v -0.2804 1.0377 0.4498
v -0.3438 1.0072 0.2756
v -0.1735 1.1099 0.0010
v -0.2479 1.0189 0.1323
v -0.0869 1.0594 0.1380
v 0.1134 0.9845 1.2851
v 0.0024 1.0053 1.0451
v 0.2007 1.0498 0.6445
v 0.1039 1.0166 0.8283
v 0.2976 0.9778 0.7980
v -0.1066 1.0873 0.8837
v -0.2092 1.0825 0.6594
v 0.4632 1.0018 -0.0001
v 0.4183 1.0357 0.1352
v 0.5655 0.9977 0.1304
v 0.0925 1.1670 0.1513
v 0.2609 1.0724 0.1386
v 0.1613 1.0427 -0.0013
v 0.4619 1.0282 0.4465
v 0.3602 1.0571 0.2898
v 0.2908 1.0749 0.4674
v -0.1001 1.0901 0.4702
v 0.1077 1.2007 0.5199
v -0.0021 1.0906 0.2975
v -0.4099 1.0118 -0.1335
v -0.5421 0.9553 -0.1253
v -0.0845 1.0434 -0.1380
v -0.2627 1.0730 -0.1416
v -0.4084 0.9116 -0.4000
v -0.3387 0.9937 -0.2765
v -0.2482 0.9245 -0.4081
v 0.5491 0.9687 -0.1272
v 0.4024 0.9964 -0.1314
v 0.2356 0.8766 -0.3837
v 0.3227 0.9512 -0.2640
v 0.3980 0.8884 -0.3896
v 0.2420 1.0002 -0.1322
v 0.0824 1.0128 -0.1347
v -0.0740 0.6480 -0.8421
v -0.0001 0.6807 -0.7099
v 0.0684 0.5959 -0.7780
v -0.1536 0.8177 -0.5072
v -0.0727 0.7316 -0.5992
v -0.2255 0.7533 -0.6168
v 0.2128 0.7095 -0.5824
v 0.0667 0.6685 -0.5483
v 0.1464 0.7863 -0.4892
v 0.0038 1.0618 -0.2953
v 0.0861 0.9722 -0.4291
v -0.0870 0.9514 -0.4254
v -0.6341 0.8928 -0.2180
v -0.6719 0.8843 -0.0777
v -0.4901 0.8326 -0.5145
v -0.5749 0.8798 -0.3693
v -0.9493 0.7777 -0.2873
v -0.7391 0.8204 -0.3254
v -0.9180 0.7747 -0.4800
v -0.1356 0.5940 -1.0292
v -0.2156 0.6353 -0.8818
v -0.5400 0.5176 -0.8684
v -0.3795 0.5971 -0.9006
v -0.4543 0.4678 -1.0251
v -0.2980 0.6879 -0.7537
v -0.3915 0.7595 -0.6393
v -0.9558 0.1234 -0.5483
v -0.8453 0.2010 -0.6060
v -0.7634 0.0659 -0.5830
v -0.8856 0.5408 -0.5235
v -0.8996 0.3740 -0.5885
v -0.9510 0.4139 -0.4305
v -0.6605 0.2398 -0.7966
v -0.7710 0.2991 -0.6996
v -0.6767 0.4137 -0.7990
v -0.5736 0.7264 -0.6334
v -0.6421 0.5852 -0.7377
v -0.7795 0.6846 -0.6235
v -0.7886 0.8353 -0.0004
v -0.9701 0.5978 -0.1846
v -0.9426 0.7702 -0.0941
v -0.8709 0.7107 0.0872
v -0.9203 0.5690 0.1733
v -1.0289 0.0002 -0.4820
v -1.0533 0.1381 -0.4330
v -1.1106 0.1460 -0.0909
v -1.0148 0.1331 -0.2486
v -1.0270 0.0000 -0.1596
v -1.0557 0.2922 -0.3656
v -1.0209 0.4466 -0.2778
v -1.0555 0.1388 0.4269
v -1.0830 -0.0000 0.5011
v -1.0135 0.4442 0.2701
v -1.0935 0.3029 0.3685
v -1.1175 0.0001 0.1707
v -1.1137 0.1467 0.2671
v -1.1091 0.1466 0.0897
v -1.0480 0.4598 -0.0943
v -1.1237 0.3130 0.0012
v -0.9885 0.4331 0.0877
v 0.6726 0.9474 0.2303
v 0.7068 0.9298 0.0818
v 0.6208 1.0450 0.6423
v 0.6577 1.0072 0.4188
v 0.8962 0.7303 0.2736
v 0.8226 0.9034 0.3613
v 0.8378 0.7052 0.4352
v 0.1744 0.7659 1.3441
v 0.3069 0.8913 1.2353
v 0.6643 0.6375 1.0645
v 0.5197 0.8052 1.2165
v 0.5703 0.5875 1.2910
v 0.3913 0.8955 0.9782
v 0.5010 0.9657 0.8080
v 1.0418 0.1351 0.5851
v 1.1470 0.2805 0.8021
v 1.0579 0.0919 0.7959
v 0.9023 0.5570 0.5311
v 0.9834 0.4156 0.6391
v 0.9734 0.4258 0.4342
v 0.8922 0.3329 1.0798
v 0.9618 0.3867 0.8651
v 0.8248 0.5120 0.9698
v 0.6538 0.8194 0.7114
v 0.7388 0.6727 0.8396
v 0.7933 0.6919 0.6257
v -0.1835 0.5661 1.3917
v -0.0004 0.6562 1.4061
v -0.6027 0.3743 1.3795
v -0.3879 0.4802 1.4006
v -0.0005 0.2520 1.6160
v -0.1981 0.3669 1.5023
v -0.2070 0.1279 1.5692
v -1.0783 -0.0947 0.8174
v -1.0593 -0.0001 1.0070
v -0.7370 -0.2279 1.1932
v -0.9056 -0.1122 1.1039
v -0.8320 -0.3088 1.0129
v -1.0527 0.1310 1.2749
v -0.8546 0.2662 1.3831
v 0.0000 -0.5075 1.0923
v -0.1671 -0.5200 1.2707
v -0.1460 -0.6596 1.1390
v -0.1940 -0.1195 1.4723
v -0.1787 -0.3306 1.3565
v -0.0002 -0.2265 1.4591
v -0.4640 -0.4788 1.0601
v -0.3365 -0.4161 1.2167
v -0.5376 -0.3323 1.2283
v -0.6313 0.1305 1.4411
v -0.5907 -0.1217 1.3497
v -0.4005 -0.0000 1.4477
v -1.0604 -0.1395 0.4287
v -1.0724 -0.1407 0.6079
v -1.1777 -0.1551 0.0955
v -1.0291 -0.1352 0.2494
v -1.0860 -0.4767 0.4838
v -1.1514 -0.3192 0.3870
v -1.0849 -0.4748 0.2893
v -0.8005 -0.1043 -0.4557
v -0.9227 -0.1203 -0.3762
v -0.8801 -0.3850 -0.2382
v -0.9225 -0.2541 -0.3162
v -0.8163 -0.3569 -0.3682
v -1.0040 -0.1313 -0.2458
v -1.1131 -0.1459 -0.0911
v -0.8310 -1.0818 0.0929
v -0.8709 -0.9098 -0.0005
v -0.6764 -0.8888 -0.0784
v -1.0158 -0.6260 0.1921
v -0.9464 -0.7733 0.0954
v -0.9359 -0.7656 0.2832
v -0.7927 -0.6507 -0.2413
v -0.8071 -0.6624 -0.0819
v -0.8566 -0.5293 -0.1636
v -0.9782 -0.2703 -0.0000
v -0.9179 -0.4017 -0.0828
v -1.0815 -0.4721 0.0960
v -0.6825 0.0000 -0.6464
v -0.6263 -0.0552 -0.4769
v -0.6025 0.1821 -0.9548
v -0.6435 0.0774 -0.7735
v -0.5513 -0.2041 -0.6711
v -0.5283 -0.0652 -0.6425
v -0.5016 -0.1549 -0.8108
v -0.0000 0.4783 -1.0289
v -0.1426 0.4399 -1.0821
v -0.2013 0.1234 -1.5015
v -0.1843 0.3396 -1.3780
v 0.0002 0.2184 -1.4063
v -0.2977 0.3676 -1.0741
v -0.5049 0.3089 -1.1260
v -0.1144 -0.4952 -0.8713
v -0.1458 -0.4508 -1.1027
v -0.0000 -0.4661 -1.0038
v -0.4263 -0.2632 -0.9730
v -0.3066 -0.3786 -1.1013
v -0.3908 -0.4026 -0.8925
v 0.0003 -0.2230 -1.4272
v -0.1898 -0.3491 -1.4067
v -0.1987 -0.1227 -1.4860
v -0.4537 0.0932 -1.0328
v -0.3676 -0.0001 -1.3051
v -0.4678 -0.0958 -1.0584
v 0.2013 0.5917 -0.8257
v 0.1264 0.5524 -0.9633
v 0.3996 0.7765 -0.6571
v 0.2819 0.6488 -0.7133
v 0.4401 0.4540 -0.9969
v 0.3611 0.5675 -0.8598
v 0.5193 0.4979 -0.8375
v 0.6896 0.9069 -0.0800
v 0.6452 0.9079 -0.2225
v 0.8050 0.6798 -0.4191
v 0.7329 0.8085 -0.3224
v 0.8448 0.6925 -0.2570
v 0.5755 0.8801 -0.3702
v 0.4835 0.8198 -0.5062
v 0.6533 0.0572 -0.4964
v 0.6895 0.1660 -0.4894
v 0.7345 0.0959 -0.4179
v 0.6289 0.3855 -0.7419
v 0.6757 0.2654 -0.6098
v 0.6174 0.2262 -0.7469
v 0.8376 0.3623 -0.3779
v 0.7492 0.3106 -0.4906
v 0.8223 0.5009 -0.4881
v 0.6193 0.7829 -0.6830
v 0.8107 0.7028 -0.6436
v 0.6208 0.5626 -0.7116
v 0.8669 -1.1403 0.1029
v 0.7930 -1.1136 0.2747
v 0.7029 -1.2348 0.1633
v 0.8745 -0.7370 0.4564
v 0.8494 -0.9363 0.3743
v 0.9618 -0.7869 0.2928
v 0.5004 -1.1132 0.4932
v 0.7070 -1.0791 0.4571
v 0.5318 -0.8975 0.5558
v 0.9594 -0.0845 0.7286
v 0.9458 -0.2315 0.6719
v 0.9403 -0.1232 0.5331
v 0.7667 -0.4747 0.9079
v 0.8932 -0.3560 0.8084
v 0.8256 -0.3063 1.0046
v 0.9241 -0.4038 0.4159
v 0.9233 -0.3876 0.6049
v 0.8944 -0.5525 0.5302
v 0.0708 -0.6115 0.8028
v 0.2092 -0.6102 0.8564
v 0.1280 -0.5559 0.9769
v 0.4053 -0.7782 0.6569
v 0.2987 -0.6815 0.7516
v 0.2312 -0.7612 0.6251
v 0.4732 -0.4885 1.0815
v 0.3839 -0.6010 0.9146
v 0.5826 -0.5602 0.9424
v 0.7847 -0.6849 0.6232
v 0.6877 -0.6265 0.7881
v 0.6045 -0.7621 0.6652
v 0.5518 -1.3709 0.1836
v 0.6173 -1.3308 0.0001
v 0.3091 -1.1516 0.5124
v 0.4308 -1.2762 0.3559
v 0.2010 -1.3018 0.0003
v 0.3167 -1.3110 0.1750
v 0.1059 -1.3136 0.1756
v -0.0812 -0.7144 0.9301
v -0.0001 -0.7700 0.8054
v -0.1969 -1.0395 0.6555
v -0.0859 -0.8588 0.7074
v -0.2627 -0.8730 0.7193
v 0.0743 -0.7337 0.6027
v 0.1652 -0.8674 0.5372
v -0.6151 -1.3221 0.0046
v -0.5186 -1.2738 0.1716
v -0.6816 -1.2000 0.1619
v -0.1159 -1.4160 0.1924
v -0.3331 -1.3596 0.1840
v -0.2061 -1.3268 0.0013
v -0.4933 -1.0941 0.4815
v -0.4215 -1.2292 0.3461
v -0.3104 -1.1458 0.5055
v 0.1051 -1.1898 0.5289
v -0.1108 -1.2163 0.5379
v -0.0009 -1.3180 0.3730
v 0.5349 -1.3226 -0.1762
v 0.6984 -1.2291 -0.1624
v 0.1109 -1.3764 -0.1848
v 0.3350 -1.3841 -0.1854
v 0.4503 -0.9997 -0.4387
v 0.4170 -1.2278 -0.3436
v 0.2650 -0.9828 -0.4314
v -0.6076 -1.0661 -0.1414
v -0.4902 -1.2048 -0.1623
v -0.2504 -0.9260 -0.4056
v -0.3766 -1.1025 -0.3077
v -0.4114 -0.9125 -0.3996
v -0.3285 -1.3434 -0.1814
v -0.1153 -1.4131 -0.1920
v 0.0621 -0.5347 -0.7022
v 0.0000 -0.6111 -0.6422
v -0.0625 -0.5386 -0.7072
v 0.1507 -0.7906 -0.4893
v 0.0692 -0.6854 -0.5634
v 0.2282 -0.7546 -0.6206
v -0.2080 -0.6843 -0.5619
v -0.0677 -0.6695 -0.5502
v -0.1475 -0.7723 -0.4777
v -0.0003 -1.1680 -0.3289
v -0.0831 -0.9224 -0.4042
v 0.0833 -0.9246 -0.4050
v 0.7319 -1.0279 -0.2528
v 0.8336 -1.0944 -0.0973
v 0.4926 -0.8304 -0.5135
v 0.6184 -0.9425 -0.3962
v 0.8667 -0.7115 -0.2639
v 0.7735 -0.8536 -0.3402
v 0.7910 -0.6675 -0.4128
v 0.1138 -0.4927 -0.8673
v 0.1817 -0.5293 -0.7439
v 0.4699 -0.4510 -0.7604
v 0.3261 -0.5096 -0.7769
v 0.3903 -0.4021 -0.8917
v 0.2609 -0.5946 -0.6562
v 0.3656 -0.7012 -0.5919
v 0.7288 -0.0949 -0.4136
v 0.6634 -0.1609 -0.4715
v 0.5948 -0.0525 -0.4527
v 0.7590 -0.4689 -0.4502
v 0.7148 -0.2990 -0.4686
v 0.9048 -0.3919 -0.4081
v 0.5567 -0.2064 -0.6780
v 0.6152 -0.2444 -0.5572
v 0.5710 -0.3528 -0.6766
v 0.5416 -0.6821 -0.5954
v 0.5700 -0.5186 -0.6532
v 0.6853 -0.5980 -0.5442
v 0.9060 -0.9499 -0.0001
v 0.9300 -0.5732 -0.1776
v 0.9151 -0.7504 -0.0928
v 0.9963 -0.8136 0.1001
v 0.9761 -0.5996 0.1859
v 0.7893 -0.0006 -0.3644
v 0.6753 -0.0881 -0.2745
v 0.7250 -0.0947 -0.0590
v 0.6989 -0.0913 -0.1705
v 0.7889 -0.0001 -0.1220
v 0.7408 -0.2043 -0.2535
v 0.8681 -0.3784 -0.2349
v 0.8902 -0.1166 0.3602
v 1.0052 -0.0001 0.4605
v 0.9106 -0.3975 0.2457
v 0.8892 -0.2451 0.3030
v 0.8629 -0.0001 0.1303
v 0.8171 -0.1067 0.1983
v 0.7560 -0.0985 0.0612
v 0.8805 -0.3846 -0.0794
v 0.7949 -0.2194 -0.0000
v 0.8979 -0.3913 0.0807
v 0.1524 -0.4707 1.1589
v 0.5395 -0.3337 1.2327
v 0.3366 -0.4163 1.2173
v 0.1841 -0.3422 1.3959
v 0.1988 -0.1228 1.5098
v 1.0469 -0.0031 0.9839
v 0.8064 0.2514 1.2969
v 0.9743 0.1264 1.1837
v 0.8997 -0.1118 1.0940
v 0.7333 -0.2273 1.1864
v 0.1922 0.5955 1.4605
v 0.2160 0.1340 1.6389
v 0.2076 0.3860 1.5758
v 0.4100 0.5062 1.4709
v 0.6167 0.3822 1.3984
v 0.6436 -0.1341 1.4667
v 0.6506 0.1361 1.4773
v 0.4096 0.0001 1.4793
v -0.7788 -1.0957 0.2726
v -0.6154 -1.0411 0.6476
v -0.6836 -1.0455 0.4408
v -0.8748 -0.9573 0.3837
v -0.9196 -0.7745 0.4756
v -0.2403 -0.7222 0.9967
v -0.6367 -0.6209 1.0283
v -0.4543 -0.7196 1.0804
v -0.3378 -0.7871 0.8588
v -0.4537 -0.8814 0.7441
v -1.0805 -0.2659 0.7656
v -1.0223 -0.6343 0.5961
v -1.0264 -0.4333 0.6703
v -1.0287 -0.4186 0.9297
v -0.8439 -0.5316 0.9963
v -0.6889 -0.8791 0.7620
v -0.7533 -0.6911 0.8638
v -0.9202 -0.8086 0.7290
v -0.1844 -0.5375 -0.7551
v -0.3625 -0.6954 -0.5870
v -0.3030 -0.6952 -0.7661
v -0.3362 -0.5259 -0.8013
v -0.4907 -0.4706 -0.7937
v -0.6335 -0.8902 -0.2179
v -0.7503 -0.6331 -0.3914
v -0.7010 -0.7736 -0.3081
v -0.5695 -0.8681 -0.3647
v -0.4738 -0.7989 -0.4940
v -0.7145 -0.1732 -0.5086
v -0.5991 -0.3691 -0.7094
v -0.6611 -0.2615 -0.5987
v -0.7665 -0.3203 -0.5028
v -0.7567 -0.4674 -0.4488
v -0.5337 -0.6722 -0.5868
v -0.6731 -0.5872 -0.5345
v -0.5826 -0.5299 -0.6674
v 0.6218 0.0001 -0.5881
v 0.5205 -0.1607 -0.8412
v 0.5435 -0.0672 -0.6613
v 0.6049 0.0736 -0.7301
v 0.5771 0.1760 -0.9199
v 0.1416 -0.4370 -1.0755
v 0.1819 -0.1119 -1.3807
v 0.1671 -0.3086 -1.2668
v 0.3072 -0.3795 -1.1072
v 0.4504 -0.2779 -1.0255
v 0.1505 0.4648 -1.1403
v 0.4875 0.3000 -1.1047
v 0.3277 0.4047 -1.1771
v 0.1664 0.3073 -1.2630
v 0.1818 0.1118 -1.3801
v 0.4906 -0.1006 -1.1125
v 0.3474 -0.0000 -1.2555
v 0.4877 0.1000 -1.1067
v 1.0043 0.1296 0.4009
v 0.8717 0.1113 0.0688
v 0.9366 0.1200 0.2229
v 1.1090 0.3031 0.3698
v 0.9676 0.4213 0.2583
v 0.8726 0.1117 -0.3541
v 0.9308 0.4019 -0.2523
v 0.8936 0.2437 -0.3068
v 0.8275 0.1054 -0.2011
v 0.8355 0.1070 -0.0679
v 0.8062 0.8463 -0.0004
v 0.9458 0.5790 0.1797
v 0.9738 0.7961 0.0976
v 0.8764 0.7187 -0.0897
v 1.0104 0.6186 -0.1923
v 0.9633 0.2600 -0.0005
v 0.9702 0.4197 -0.0870
v 0.9742 0.4223 0.0869
v -0.5921 0.8652 0.0353
v -0.5792 0.8775 0.0963
v -0.5345 0.9006 0.0571
v -0.6824 0.8290 0.1851
v -0.6275 0.8522 0.1386
v -0.6895 0.8143 0.1146
v -0.5033 0.9308 0.1862
v -0.5665 0.8929 0.1628
v -0.5531 0.9107 0.2357
v -0.8978 0.6488 0.3965
v -0.8453 0.7026 0.3411
v -0.8913 0.6390 0.3036
v -0.8056 0.9151 0.4557
v -0.8039 0.7754 0.3835
v -0.7874 0.7775 0.4780
v -0.8638 0.8051 0.2243
v -0.8298 0.7862 0.3009
v -0.7726 0.8345 0.2451
v -0.4152 0.9958 0.5183
v -0.4968 0.9633 0.4968
v -0.4711 0.9793 0.5986
v -0.5377 0.9292 0.3157
v -0.5191 0.9470 0.4028
v -0.4661 0.9665 0.3398
v -0.6895 0.9643 0.5862
v -0.5787 0.9294 0.4727
v -0.6747 0.9090 0.4563
v -0.6765 0.8486 0.2632
v -0.6723 0.8739 0.3517
v -0.6069 0.8877 0.2895
v -1.0730 0.0440 0.7333
v -1.0676 0.1189 0.7042
v -1.0785 0.0688 0.6395
v -1.0912 0.2489 0.8954
v -1.0470 0.1728 0.7707
v -1.0291 0.1467 0.8719
v -1.0526 0.2125 0.5684
v -1.0551 0.1948 0.6688
v -1.0341 0.2708 0.6275
v -0.8091 0.5021 1.1149
v -0.9058 0.4463 1.0830
v -0.8429 0.4070 1.1693
v -0.9808 0.4971 0.8582
v -0.9493 0.4749 0.9737
v -0.9096 0.5650 0.9119
v -1.0041 0.2837 1.0706
v -0.9804 0.3804 1.0266
v -1.0425 0.3140 0.9634
v -0.9933 0.5227 0.4101
v -1.0031 0.5239 0.5132
v -0.9522 0.5898 0.4548
v -1.0870 0.3743 0.6241
v -1.0486 0.4517 0.5702
v -1.0800 0.3840 0.5161
v -0.9519 0.5904 0.6762
v -1.0062 0.5210 0.6240
v -0.9995 0.5123 0.7402
v -1.0700 0.3392 0.8512
v -1.0393 0.4279 0.7991
v -1.0845 0.3594 0.7369
v -0.0493 0.8128 1.1852
v -0.1332 0.7894 1.1908
v -0.0797 0.7442 1.2493
v -0.2449 0.8901 1.0737
v -0.1865 0.8328 1.1260
v -0.1567 0.9215 1.0843
v -0.2567 0.6907 1.2713
v -0.2220 0.7648 1.1996
v -0.3162 0.7359 1.2049
v -0.4424 0.9952 0.7099
v -0.4061 0.9991 0.8233
v -0.3522 1.0231 0.7255
v -0.5054 0.8908 1.0049
v -0.4573 0.9556 0.9186
v -0.5961 0.9771 0.9570
v -0.2680 1.0146 0.9415
v -0.3575 0.9762 0.9213
v -0.3015 0.9345 1.0010
v -0.6969 0.5576 1.3238
v -0.6497 0.6488 1.2434
v -0.7337 0.5736 1.1767
v -0.4145 0.7015 1.2047
v -0.5159 0.6637 1.2023
v -0.4520 0.6174 1.2728
v -0.6681 0.7743 1.0714
v -0.5961 0.7275 1.1534
v -0.5538 0.8164 1.0861
v -0.3392 0.8625 1.0712
v -0.4390 0.8337 1.0701
v -0.3741 0.7779 1.1304
v -0.9013 0.6569 0.4987
v -0.8858 0.6582 0.7251
v -0.8982 0.6606 0.6091
v -0.8406 0.7221 0.5411
v -0.7727 0.7844 0.5822
v -0.7839 0.6038 1.0694
v -0.6958 0.7727 0.9268
v -0.7408 0.6911 0.9997
v -0.8273 0.6295 0.9587
v -0.8623 0.6480 0.8430
v -0.5439 0.9822 0.7034
v -0.7109 0.8565 0.6305
v -0.6844 1.0006 0.7238
v -0.6362 0.9786 0.8295
v -0.6555 0.8557 0.8614
v -0.8090 0.7222 0.7691
v -0.7260 0.7819 0.8085
v -0.7531 0.7868 0.6937
v -0.4783 0.9302 0.0591
v -0.5254 0.9715 -0.0002
v -0.4397 0.9615 0.1924
v -0.4595 0.9445 0.1229
v -0.3973 1.0284 -0.0003
v -0.4169 0.9581 0.0608
v -0.3501 0.9835 0.0624
v -0.3320 1.0243 0.5329
v -0.3645 1.0120 0.4389
v -0.2639 1.0307 0.2819
v -0.3140 1.0238 0.3598
v -0.2293 1.0461 0.3674
v -0.3931 0.9971 0.3506
v -0.4179 0.9796 0.2682
v -0.0942 1.1645 0.0024
v -0.1260 1.0528 0.0675
v -0.0460 1.0943 0.0715
v -0.2786 1.0061 0.0638
v -0.2035 1.0272 0.0653
v -0.2505 1.0781 0.0000
v -0.1315 1.0515 0.2100
v -0.1686 1.0379 0.1349
v -0.2150 1.0340 0.2066
v -0.3703 0.9895 0.1979
v -0.2951 1.0138 0.2026
v -0.3235 0.9976 0.1296
v 0.0482 0.8592 1.2548
v -0.0035 0.9204 1.2047
v 0.1061 0.9633 1.0023
v 0.0567 1.0016 1.1648
v 0.1585 0.9306 1.0845
v -0.0542 0.9532 1.1176
v -0.1122 1.0384 1.0837
v 0.2943 1.0294 0.6321
v 0.2495 1.0150 0.7222
v 0.3420 0.9948 0.7085
v 0.0538 1.0549 0.7506
v 0.1531 1.0344 0.7358
v 0.1044 1.0734 0.6597
v 0.2515 0.9593 0.8889
v 0.2028 0.9986 0.8141
v 0.1543 0.9791 0.9059
v -0.2640 1.0657 0.7542
v -0.2977 1.0392 0.6352
v -0.1709 1.0895 1.0060
v -0.2233 1.0940 0.8888
v -0.1084 1.1363 0.6943
v -0.1650 1.1188 0.7935
v -0.0500 1.0945 0.7782
v 0.0542 0.9995 0.9234
v 0.0027 1.0387 0.8457
v -0.0504 1.0370 0.9564
v 0.5319 0.9850 -0.0001
v 0.5202 1.0145 0.0649
v 0.5880 0.9923 0.0632
v 0.3692 1.0417 0.0663
v 0.4468 1.0307 0.0658
v 0.3899 1.0127 -0.0002
v 0.5409 1.0023 0.2014
v 0.4944 1.0193 0.1334
v 0.4671 1.0244 0.2059
v 0.0453 1.1724 0.0750
v 0.1350 1.1308 0.0700
v 0.0858 1.0922 -0.0019
v 0.2340 1.1182 0.2222
v 0.1847 1.1336 0.1454
v 0.1470 1.1946 0.2376
v 0.2367 1.0250 -0.0005
v 0.2123 1.0721 0.0668
v 0.2899 1.0512 0.0665
v 0.4268 1.0267 0.5355
v 0.3771 1.0486 0.4558
v 0.3376 1.0427 0.5442
v 0.4393 1.0323 0.2835
v 0.4103 1.0428 0.3674
v 0.4901 1.0187 0.3588
v 0.2469 1.1162 0.3933
v 0.3287 1.0716 0.3773
v 0.2817 1.0956 0.2998
v 0.3392 1.0496 0.1366
v 0.3103 1.0673 0.2133
v 0.3893 1.0436 0.2093
v -0.2441 1.0519 0.5465
v -0.0528 1.1245 0.5836
v -0.1537 1.0887 0.5633
v -0.1916 1.0611 0.4593
v -0.1406 1.0657 0.3739
v 0.2470 1.0645 0.5557
v 0.1595 1.2198 0.4267
v 0.2033 1.1134 0.4851
v 0.1545 1.0946 0.5724
v 0.0545 1.1564 0.6024
v -0.0027 1.0930 0.1432
v -0.0917 1.0672 0.2915
v -0.0457 1.0712 0.2141
v 0.0424 1.1068 0.2214
v 0.0931 1.1413 0.3106
v -0.0018 1.1057 0.4780
v 0.0456 1.1328 0.3950
v -0.0494 1.0895 0.3812
v -0.5039 0.9803 -0.0630
v -0.5635 0.9496 -0.0606
v -0.3688 1.0363 -0.0668
v -0.4389 1.0093 -0.0650
v -0.5165 0.9562 -0.1931
v -0.4786 0.9846 -0.1296
v -0.4487 0.9826 -0.1990
v -0.0423 1.0689 -0.0691
v -0.1420 1.1651 -0.0735
v -0.2298 1.0871 -0.2219
v -0.1889 1.1394 -0.1496
v -0.1286 1.0327 -0.2101
v -0.2194 1.0987 -0.0700
v -0.2949 1.0632 -0.0684
v -0.3630 0.8776 -0.4620
v -0.3289 0.9191 -0.4042
v -0.2813 0.8761 -0.4621
v -0.4139 0.9723 -0.2697
v -0.3738 0.9517 -0.3392
v -0.4498 0.9361 -0.3328
v -0.2181 0.9919 -0.3572
v -0.2958 0.9672 -0.3460
v -0.2636 1.0247 -0.2864
v -0.3370 1.0386 -0.1372
v -0.3022 1.0359 -0.2108
v -0.3765 1.0072 -0.2045
v 0.5740 0.9683 -0.0619
v 0.5073 0.9890 -0.0636
v 0.4441 0.9746 -0.1975
v 0.4783 0.9861 -0.1299
v 0.5191 0.9622 -0.1946
v 0.4351 1.0033 -0.0646
v 0.3586 1.0115 -0.0652
v 0.2768 0.8584 -0.4502
v 0.3153 0.8810 -0.3863
v 0.3530 0.8516 -0.4471
v 0.2401 0.9443 -0.2624
v 0.2780 0.9127 -0.3251
v 0.1971 0.9056 -0.3225
v 0.4429 0.9225 -0.3280
v 0.3611 0.9209 -0.3278
v 0.4048 0.9531 -0.2643
v 0.1226 1.0316 -0.0675
v 0.0442 1.0703 -0.0712
v 0.2797 1.0149 -0.0655
v 0.2006 1.0182 -0.0660
v 0.1211 0.9747 -0.1985
v 0.1616 1.0010 -0.1326
v 0.2012 0.9739 -0.1981
v 0.3648 0.9794 -0.1987
v 0.2830 0.9780 -0.1986
v 0.3229 1.0004 -0.1321
v -0.0374 0.6312 -0.9107
v -0.0001 0.6476 -0.8414
v 0.0346 0.5813 -0.8430
v -0.0725 0.6831 -0.7124
v -0.0365 0.6638 -0.7744
v -0.1100 0.6663 -0.7775
v 0.1017 0.6129 -0.7180
v 0.0336 0.6076 -0.7119
v 0.0667 0.6250 -0.6543
v -0.2340 0.8286 -0.5133
v -0.1891 0.7823 -0.5605
v -0.2695 0.7941 -0.5687
v -0.0368 0.7628 -0.5470
v -0.1115 0.7703 -0.5522
v -0.0759 0.8090 -0.5025
v -0.1846 0.7178 -0.6658
v -0.1476 0.7415 -0.6072
v -0.1091 0.7083 -0.6570
v 0.2674 0.7919 -0.5692
v 0.1786 0.7399 -0.5319
v 0.2457 0.8736 -0.5419
v 0.1007 0.6498 -0.6043
v 0.1370 0.6854 -0.5624
v 0.1721 0.6662 -0.6194
v 0.0698 0.7492 -0.4655
v 0.1031 0.7109 -0.5102
v 0.0336 0.6956 -0.4990
v -0.0360 0.7023 -0.6512
v -0.0001 0.7278 -0.5960
v 0.0330 0.6400 -0.5951
v 0.0041 1.1313 -0.1536
v 0.0811 0.9482 -0.2635
v 0.0420 0.9906 -0.2020
v -0.0411 1.1155 -0.2296
v -0.0945 1.1305 -0.3175
v 0.2088 0.9163 -0.4826
v 0.0358 0.8113 -0.4308
v 0.1177 0.8665 -0.4592
v 0.1611 0.8991 -0.3941
v 0.1203 0.9152 -0.3252
v -0.1995 0.8712 -0.4606
v -0.1388 1.0396 -0.3768
v -0.1677 0.9333 -0.4142
v -0.1193 0.8670 -0.4598
v -0.0407 0.8686 -0.4625
v 0.0425 0.9544 -0.3401
v -0.0018 0.9895 -0.4421
v -0.0473 1.1068 -0.3998
v -0.6081 0.9215 -0.1020
v -0.6254 0.9141 -0.0375
v -0.5610 0.9252 -0.2417
v -0.5870 0.9259 -0.1703
v -0.7229 0.8542 -0.1211
v -0.6551 0.8902 -0.1460
v -0.7057 0.8572 -0.1933
v -0.4009 0.8394 -0.5191
v -0.4482 0.8741 -0.4558
v -0.6217 0.8365 -0.4265
v -0.5354 0.8606 -0.4440
v -0.5800 0.8141 -0.5029
v -0.4916 0.9005 -0.3870
v -0.5294 0.9174 -0.3147
v -0.9368 0.6650 -0.3211
v -0.9433 0.7838 -0.3834
v -0.9190 0.6555 -0.4085
v -0.7642 0.8271 -0.2461
v -0.8440 0.8082 -0.3096
v -0.8744 0.8207 -0.2291
v -0.7670 0.7679 -0.4730
v -0.8089 0.7919 -0.3916
v -0.7076 0.8076 -0.4062
v -0.6077 0.8901 -0.2931
v -0.6564 0.8504 -0.3477
v -0.6840 0.8567 -0.2692
v -0.0644 0.6060 -1.0059
v -0.1036 0.6246 -0.9332
v -0.2546 0.5976 -0.9694
v -0.1761 0.6142 -0.9539
v -0.2128 0.5757 -1.0467
v -0.1414 0.6433 -0.8626
v -0.1792 0.6644 -0.7968
v -0.5656 0.4390 -0.9063
v -0.4962 0.4915 -0.9436
v -0.5248 0.4150 -0.9860
v -0.4243 0.6251 -0.8311
v -0.4624 0.5624 -0.8917
v -0.5086 0.5911 -0.8211
v -0.3760 0.5132 -1.0480
v -0.4188 0.5368 -0.9673
v -0.3367 0.5723 -0.9752
v -0.3048 0.7594 -0.6300
v -0.3523 0.7998 -0.5766
v -0.2183 0.6902 -0.7370
v -0.2600 0.7221 -0.6823
v -0.4322 0.7126 -0.7034
v -0.3433 0.7219 -0.6962
v -0.3838 0.6780 -0.7646
v -0.2958 0.6208 -0.8960
v -0.3385 0.6472 -0.8279
v -0.2557 0.6592 -0.8150
v -0.9078 0.0568 -0.5448
v -0.8456 0.0914 -0.5632
v -0.8128 0.0328 -0.5603
v -0.9568 0.2459 -0.5840
v -0.8959 0.1611 -0.5739
v -0.9773 0.1948 -0.5317
v -0.7274 0.1013 -0.6176
v -0.7952 0.1273 -0.5891
v -0.7578 0.1670 -0.6267
v -0.9138 0.5601 -0.4405
v -0.9143 0.4726 -0.4727
v -0.9466 0.4945 -0.3961
v -0.8752 0.4398 -0.6498
v -0.8858 0.4522 -0.5525
v -0.8652 0.5269 -0.6149
v -0.9556 0.3371 -0.4630
v -0.9178 0.3910 -0.5039
v -0.9303 0.3168 -0.5384
v -0.6299 0.2979 -0.8687
v -0.6718 0.3233 -0.8017
v -0.6253 0.3824 -0.8590
v -0.7299 0.2126 -0.6772
v -0.7043 0.2653 -0.7380
v -0.6819 0.1871 -0.7264
v -0.7497 0.4588 -0.7596
v -0.7310 0.3567 -0.7534
v -0.8248 0.4077 -0.7281
v -0.9248 0.2992 -0.6353
v -0.8793 0.3532 -0.6824
v -0.8054 0.2466 -0.6482
v -0.4412 0.7977 -0.5795
v -0.5224 0.6913 -0.7004
v -0.4826 0.7491 -0.6411
v -0.5328 0.7841 -0.5747
v -0.6233 0.7594 -0.5621
v -0.6111 0.4670 -0.8359
v -0.7404 0.5548 -0.7349
v -0.6666 0.5034 -0.7778
v -0.5879 0.5481 -0.7998
v -0.5580 0.6236 -0.7540
v -0.8960 0.6439 -0.4989
v -0.7181 0.7355 -0.5499
v -0.8541 0.7342 -0.5581
v -0.8760 0.6368 -0.5976
v -0.8441 0.6236 -0.6982
v -0.6103 0.6595 -0.6881
v -0.7054 0.6317 -0.6811
v -0.6645 0.6978 -0.6210
v -0.6726 0.8845 -0.0001
v -0.7880 0.8338 -0.0853
v -0.7243 0.8552 -0.0404
v -0.6859 0.8095 0.0380
v -0.7517 0.7953 0.0801
v -0.9598 0.5905 -0.2745
v -0.9465 0.6728 -0.2311
v -0.9404 0.6702 -0.0453
v -0.9468 0.6739 -0.1382
v -0.9714 0.5993 -0.0920
v -0.9505 0.7774 -0.1910
v -0.8867 0.8307 -0.1391
v -0.8834 0.6325 0.2147
v -0.9314 0.5760 0.2633
v -0.8959 0.8355 0.1385
v -0.8574 0.6997 0.1722
v -0.9144 0.5650 0.0861
v -0.8805 0.6297 0.1284
v -0.8833 0.6310 0.0431
v -0.8974 0.8397 -0.0471
v -0.9301 0.7589 0.0005
v -0.8652 0.8079 0.0439
v -0.9653 -0.0001 -0.5281
v -1.0054 0.0636 -0.5221
v -1.1128 0.0712 -0.4026
v -1.0409 0.0666 -0.4579
v -1.0877 0.0006 -0.4265
v -1.0057 0.1313 -0.4931
v -1.0049 0.2021 -0.4634
v -1.1099 0.0713 -0.0444
v -1.0540 0.0676 -0.1260
v -1.0893 0.0000 -0.0849
v -1.0361 0.2091 -0.2170
v -1.0432 0.1370 -0.1704
v -1.0573 0.2136 -0.1329
v -1.1707 -0.0002 -0.2751
v -1.0112 0.0647 -0.2012
v -1.1646 0.0739 -0.3271
v -0.9878 0.4310 -0.3582
v -0.9757 0.5107 -0.3174
v -1.0017 0.2760 -0.4314
v -0.9961 0.3524 -0.3962
v -1.0781 0.3843 -0.2387
v -1.0412 0.3698 -0.3230
v -1.1134 0.3101 -0.2900
v -1.1334 0.1488 -0.3744
v -1.1354 0.2303 -0.3373
v -1.0600 0.2142 -0.4028
v -1.0782 0.0693 0.5533
v -1.0880 -0.0000 0.5877
v -1.0464 0.2116 0.4776
v -1.0663 0.1403 0.5177
v -1.0710 -0.0000 0.4127
v -1.0701 0.0688 0.4646
v -1.0553 0.0678 0.3748
v -0.9813 0.5161 0.3144
v -1.0285 0.4509 0.3662
v -1.0759 0.2980 0.2715
v -1.0562 0.3755 0.3196
v -1.0391 0.3693 0.2242
v -1.0709 0.3808 0.4175
v -1.1068 0.3068 0.4672
v -1.0348 0.0000 0.0798
v -1.1162 0.0720 0.1313
v -1.0494 0.0674 0.0416
v -1.0365 0.0665 0.2862
v -1.1164 0.0719 0.2178
v -1.0296 0.0000 0.2380
v -1.0806 0.2190 0.1330
v -1.1018 0.1452 0.1763
v -1.0896 0.2207 0.2231
v -1.0330 0.2088 0.3856
v -1.1072 0.2242 0.3178
v -1.0384 0.1365 0.3359
v -0.9968 0.5228 -0.2315
v -1.0936 0.3905 -0.1444
v -1.0419 0.4568 -0.1886
v -1.0068 0.5288 -0.1399
v -1.0073 0.5294 -0.0464
v -1.0347 0.1359 -0.0002
v -1.0533 0.2920 0.0888
v -1.0921 0.2220 0.0460
v -1.0194 0.2060 -0.0427
v -1.1490 0.3214 -0.0973
v -0.9672 0.5086 0.2210
v -0.9508 0.4997 0.0435
v -0.9555 0.5023 0.1309
v -0.9983 0.4374 0.1771
v -1.0254 0.3645 0.1327
v -1.0888 0.3883 -0.0471
v -1.0221 0.3635 0.0444
v -1.0438 0.4578 -0.0000
v 0.6384 0.9680 0.1073
v 0.6572 0.9612 0.0394
v 0.5945 0.9805 0.2549
v 0.6170 0.9736 0.1788
v 0.7583 0.8942 0.1266
v 0.6900 0.9373 0.1537
v 0.7494 0.9101 0.2038
v 0.4844 1.0128 0.6206
v 0.5251 1.0251 0.5287
v 0.7074 0.9429 0.4830
v 0.6584 1.0523 0.5389
v 0.6597 0.9128 0.5650
v 0.5526 1.0133 0.4303
v 0.5732 0.9936 0.3379
v 0.9013 0.6425 0.3091
v 0.8623 0.7142 0.3506
v 0.8842 0.6359 0.3923
v 0.8580 0.9236 0.2753
v 0.8602 0.8121 0.3164
v 0.9387 0.8719 0.2450
v 0.7806 0.7715 0.4764
v 0.8131 0.7844 0.3919
v 0.7586 0.8557 0.4346
v 0.6596 0.9684 0.3151
v 0.7876 1.0166 0.4153
v 0.7536 0.9437 0.2938
v 0.0819 0.7821 1.3127
v 0.1437 0.8596 1.2986
v 0.3528 0.8170 1.3352
v 0.2471 0.8516 1.3331
v 0.2755 0.7416 1.3661
v 0.2097 0.9271 1.2438
v 0.2482 0.9006 1.0792
v 0.7152 0.5600 1.1463
v 0.6277 0.6221 1.1917
v 0.6608 0.5265 1.2478
v 0.5749 0.8342 1.1063
v 0.5968 0.7185 1.1391
v 0.6284 0.7248 1.0036
v 0.4776 0.6479 1.3332
v 0.5409 0.6870 1.2426
v 0.4514 0.7558 1.2976
v 0.3889 0.9577 0.7914
v 0.4360 0.9844 0.7053
v 0.2950 0.9154 0.9771
v 0.3424 0.9358 0.8826
v 0.5838 0.9500 0.9318
v 0.4414 0.9236 0.8866
v 0.5165 0.9040 1.0156
v 0.4203 0.8717 1.2566
v 0.4673 0.8865 1.1283
v 0.3441 0.8773 1.0818
v 1.0405 0.0659 0.6118
v 1.0518 0.1159 0.6875
v 1.0502 0.0427 0.7122
v 1.1484 0.2989 0.6865
v 1.0639 0.1929 0.6667
v 1.0608 0.2099 0.5661
v 1.0868 0.1522 0.9098
v 1.0719 0.1733 0.7790
v 1.1681 0.2667 0.9507
v 0.9105 0.5612 0.4360
v 0.9403 0.4891 0.4814
v 0.9415 0.4928 0.3894
v 0.9319 0.4770 0.6896
v 0.9381 0.4843 0.5817
v 0.8918 0.5514 0.6337
v 1.0302 0.3680 0.4909
v 0.9798 0.4218 0.5323
v 1.0495 0.3633 0.6008
v 0.8332 0.4029 1.1542
v 0.8616 0.4245 1.0284
v 0.7846 0.4873 1.0794
v 1.0078 0.3071 0.9317
v 0.9318 0.3624 0.9746
v 0.9636 0.2740 1.0280
v 0.8552 0.5304 0.8561
v 0.8957 0.4481 0.9172
v 0.9188 0.4655 0.8028
v 1.0594 0.3533 0.7175
v 0.9790 0.4046 0.7519
v 1.0454 0.3351 0.8298
v 0.5709 1.0224 0.7389
v 0.6263 0.8167 0.8242
v 0.5997 0.9158 0.7799
v 0.6252 0.9048 0.6624
v 0.6842 0.8262 0.6099
v 0.7465 0.5751 1.0182
v 0.8121 0.6089 0.7933
v 0.7831 0.5948 0.9059
v 0.7049 0.6579 0.9523
v 0.6631 0.7368 0.8856
v 0.8693 0.6308 0.4825
v 0.7524 0.7630 0.5690
v 0.8160 0.6986 0.5272
v 0.8535 0.6255 0.5799
v 0.8350 0.6187 0.6839
v 0.6944 0.7464 0.7735
v 0.7679 0.6836 0.7302
v 0.7242 0.7550 0.6681
v -0.0850 0.6773 1.3137
v -0.0006 0.7305 1.3428
v -0.2709 0.6138 1.3374
v -0.1751 0.6480 1.3279
v -0.0004 0.5715 1.4684
v -0.0891 0.6011 1.3773
v -0.0931 0.5136 1.4379
v -0.7163 0.4448 1.3637
v -0.5800 0.4810 1.3296
v -0.4025 0.3739 1.4535
v -0.4946 0.4292 1.3924
v -0.5116 0.3172 1.4401
v -0.4745 0.5291 1.3355
v -0.3712 0.5742 1.3403
v -0.0005 0.1280 1.6404
v -0.1018 0.1872 1.5706
v -0.1029 0.0630 1.5879
v -0.0967 0.4147 1.4925
v -0.0996 0.3054 1.5378
v -0.0005 0.3687 1.5770
v -0.3116 0.1929 1.5387
v -0.2035 0.2513 1.5429
v -0.3046 0.3141 1.5040
v -0.2835 0.5259 1.4001
v -0.2950 0.4257 1.4567
v -0.1913 0.4723 1.4508
v -1.0801 -0.0443 0.7378
v -1.0713 0.0001 0.8145
v -1.0631 -0.1101 1.0104
v -1.0834 -0.0510 0.9175
v -1.1481 -0.1648 0.9690
v -1.0489 0.0502 0.8897
v -1.0186 0.1055 0.9682
v -0.6990 -0.3242 1.1317
v -0.7905 -0.2715 1.1040
v -0.7470 -0.3595 1.0423
v -0.8480 -0.0584 1.1845
v -0.8251 -0.1701 1.1524
v -0.7637 -0.1181 1.2364
v -1.0258 -0.2948 1.0946
v -0.8725 -0.2159 1.0634
v -0.9506 -0.1607 1.0203
v -0.8858 0.3079 1.2286
v -0.8213 0.3831 1.3226
v -1.0238 0.1760 1.0914
v -0.9588 0.2412 1.1601
v -0.8259 0.1254 1.3395
v -0.9859 0.2051 1.3713
v -0.9165 0.0594 1.2806
v -1.0062 -0.0570 1.0789
v -0.9401 -0.0004 1.1452
v -1.1245 0.0643 1.1969
v 0.0005 -0.6303 1.1469
v -0.0668 -0.5364 1.0411
v -0.0685 -0.6575 1.0917
v -0.0842 -0.4691 1.3074
v -0.0738 -0.5026 1.1511
v 0.0001 -0.4658 1.2008
v -0.2178 -0.5886 1.0810
v -0.1457 -0.5429 1.1107
v -0.2453 -0.5601 1.2134
v -0.0968 -0.0593 1.4975
v -0.0946 -0.1739 1.4634
v -0.0001 -0.1163 1.4984
v -0.2765 -0.2845 1.3668
v -0.1873 -0.2308 1.4217
v -0.2896 -0.1788 1.4315
v -0.0002 -0.3373 1.4412
v -0.0911 -0.2794 1.4101
v -0.0895 -0.3862 1.3852
v -0.5585 -0.4445 1.0633
v -0.5010 -0.4129 1.1447
v -0.6011 -0.3716 1.1447
v -0.3169 -0.4904 1.1452
v -0.4040 -0.4497 1.1383
v -0.3768 -0.5139 1.0620
v -0.4638 -0.2866 1.3066
v -0.4347 -0.3761 1.2246
v -0.3596 -0.3332 1.3000
v -0.1737 -0.4304 1.3187
v -0.2613 -0.3766 1.2913
v -0.2498 -0.4642 1.2344
v -0.7206 0.3195 1.3753
v -0.7323 0.0645 1.3929
v -0.7261 0.1922 1.3845
v -0.6202 0.2564 1.4170
v -0.5240 0.1950 1.4749
v -0.6399 -0.2826 1.2187
v -0.4867 -0.1805 1.3712
v -0.5689 -0.2345 1.2999
v -0.6703 -0.1776 1.2766
v -0.6880 -0.0608 1.3102
v -0.1965 -0.0000 1.4910
v -0.4216 0.1307 1.5229
v -0.3153 0.0650 1.5575
v -0.2972 -0.0611 1.4686
v -0.3952 -0.1221 1.4284
v -0.5990 -0.0001 1.3686
v -0.4998 -0.0618 1.4079
v -0.5307 0.0658 1.4936
v -1.0835 -0.0698 0.5558
v -1.0839 -0.0691 0.6423
v -1.0618 -0.0682 0.3768
v -1.0759 -0.0692 0.4668
v -1.0524 -0.2126 0.5680
v -1.0697 -0.1408 0.5191
v -1.0479 -0.2120 0.4780
v -1.0585 -0.0679 0.0421
v -1.1794 -0.0758 0.1383
v -1.1578 -0.2340 0.2361
v -1.1683 -0.1536 0.1861
v -1.1536 -0.2331 0.1416
v -1.1787 -0.0758 0.2287
v -1.0439 -0.0670 0.2880
v -1.0456 -0.5501 0.4318
v -1.0857 -0.4760 0.3865
v -1.0479 -0.5504 0.3363
v -1.1571 -0.3214 0.4870
v -1.1228 -0.3997 0.4370
v -1.1247 -0.4007 0.5359
v -1.1137 -0.3950 0.2401
v -1.1191 -0.3977 0.3383
v -1.1429 -0.3162 0.2875
v -1.0456 -0.1375 0.3381
v -1.1692 -0.2368 0.3342
v -1.0380 -0.2099 0.3874
v -0.7573 -0.0483 -0.4503
v -0.8445 -0.0535 -0.4360
v -0.8815 -0.1769 -0.4049
v -0.8749 -0.1139 -0.4276
v -0.8550 -0.1712 -0.4638
v -0.8961 -0.0569 -0.3919
v -0.9664 -0.0615 -0.3463
v -0.8476 -0.4451 -0.2752
v -0.8495 -0.3716 -0.3066
v -0.8191 -0.4301 -0.3419
v -0.9709 -0.2677 -0.2498
v -0.8965 -0.3177 -0.2757
v -0.9286 -0.3292 -0.2040
v -0.8236 -0.2915 -0.3978
v -0.8587 -0.3041 -0.3395
v -0.8744 -0.2407 -0.3744
v -1.0541 -0.0674 -0.1260
v -1.1151 -0.0714 -0.0446
v -0.9881 -0.0630 -0.2753
v -1.0082 -0.0644 -0.2006
v -1.0771 -0.2171 -0.1354
v -1.0407 -0.1363 -0.1700
v -1.0622 -0.2138 -0.2225
v -0.9357 -0.1880 -0.3520
v -1.0026 -0.2015 -0.2937
v -0.9854 -0.1286 -0.3217
v -0.8084 -1.1705 0.0459
v -0.8041 -1.0470 -0.0023
v -0.6582 -0.9608 -0.0396
v -0.8768 -0.9146 0.0936
v -0.8423 -0.9837 0.0454
v -0.8584 -1.0005 0.1411
v -0.7048 -0.8303 -0.1184
v -0.7130 -0.8393 -0.0399
v -0.7419 -0.7794 -0.0803
v -1.0110 -0.6238 0.2869
v -0.9758 -0.6969 0.2382
v -0.9690 -0.6931 0.3313
v -0.9843 -0.7021 0.0480
v -0.9814 -0.7004 0.1437
v -1.0188 -0.6273 0.0963
v -0.9069 -0.8406 0.2359
v -0.9422 -0.7699 0.1900
v -0.9095 -0.8428 0.1418
v -0.8114 -0.5812 -0.2794
v -0.8259 -0.5915 -0.2031
v -0.8414 -0.5199 -0.2410
v -0.7729 -0.7203 -0.1214
v -0.8020 -0.6582 -0.1627
v -0.7666 -0.7147 -0.2007
v -0.8656 -0.5349 -0.0826
v -0.8348 -0.5979 -0.1232
v -0.8392 -0.6010 -0.0413
v -0.9099 -0.8436 0.0472
v -0.9472 -0.7739 -0.0001
v -0.7766 -0.7237 -0.0407
v -1.0460 -0.1372 -0.0002
v -0.9997 -0.2762 -0.0856
v -1.0376 -0.2094 -0.0434
v -1.1679 -0.2368 0.0498
v -1.1337 -0.3132 0.0956
v -0.8706 -0.4572 -0.2019
v -0.8947 -0.4699 -0.0415
v -0.8867 -0.4657 -0.1234
v -0.9039 -0.3955 -0.1631
v -0.9473 -0.3360 -0.1248
v -1.0502 -0.5508 0.2406
v -1.1092 -0.3930 0.1434
v -1.0830 -0.4732 0.1923
v -1.0514 -0.5507 0.1444
v -1.0519 -0.5506 0.0481
v -0.9503 -0.3371 -0.0417
v -0.9207 -0.4029 -0.0000
v -1.1094 -0.3931 0.0481
v -0.7574 0.0000 -0.5780
v -0.6700 -0.0276 -0.4594
v -0.6880 0.0691 -0.6517
v -0.7164 0.0333 -0.6077
v -0.5969 -0.0850 -0.5068
v -0.5838 -0.0277 -0.4947
v -0.5614 -0.0577 -0.5332
v -0.5965 0.2720 -0.9489
v -0.6298 0.2116 -0.8662
v -0.6239 0.0416 -0.8549
v -0.6268 0.1258 -0.8599
v -0.6041 0.0909 -0.9550
v -0.6511 0.1571 -0.7838
v -0.6681 0.1098 -0.7108
v -0.5300 -0.2545 -0.7393
v -0.5244 -0.1799 -0.7312
v -0.5004 -0.2318 -0.8090
v -0.5482 -0.0923 -0.5871
v -0.5382 -0.1329 -0.6547
v -0.5653 -0.1586 -0.6062
v -0.5017 -0.0774 -0.8107
v -0.5184 -0.1067 -0.7227
v -0.5149 -0.0353 -0.7176
v -0.6600 0.0361 -0.7017
v -0.6399 0.0000 -0.7690
v -0.5384 -0.0302 -0.5765
v -0.0001 0.5891 -1.0708
v -0.0716 0.5764 -1.1009
v -0.0779 0.4305 -1.2013
v -0.0683 0.4628 -1.0610
v -0.0002 0.4547 -1.1685
v -0.1497 0.5580 -1.1248
v -0.2334 0.5312 -1.1386
v -0.0953 0.0584 -1.4706
v -0.0937 0.1725 -1.4454
v 0.0001 0.1128 -1.4527
v -0.2658 0.2725 -1.3003
v -0.1984 0.2435 -1.4778
v -0.2827 0.1736 -1.3779
v 0.0003 0.3141 -1.3477
v -0.0908 0.2788 -1.3998
v -0.0916 0.3923 -1.3969
v -0.4808 0.3940 -1.0789
v -0.5464 0.3341 -1.0217
v -0.3196 0.4948 -1.1376
v -0.4037 0.4486 -1.1181
v -0.3902 0.2407 -1.0953
v -0.3696 0.3194 -1.0387
v -0.3209 0.2968 -1.1552
v -0.1602 0.3945 -1.2091
v -0.2426 0.3489 -1.1929
v -0.2204 0.4081 -1.0878
v -0.0542 -0.5023 -0.8456
v -0.0599 -0.4813 -0.9349
v -0.0000 -0.4876 -0.9012
v -0.1984 -0.4496 -0.9816
v -0.1265 -0.4688 -0.9623
v -0.1806 -0.4840 -0.8940
v -0.0002 -0.4550 -1.1629
v -0.0695 -0.4717 -1.0757
v -0.0789 -0.4353 -1.2055
v -0.4624 -0.2856 -0.8796
v -0.4097 -0.3374 -0.9353
v -0.4500 -0.3575 -0.8562
v -0.3286 -0.3037 -1.1762
v -0.3809 -0.3289 -1.0660
v -0.4002 -0.2464 -1.1175
v -0.3229 -0.4393 -0.9097
v -0.3450 -0.3836 -0.9714
v -0.2729 -0.4214 -0.9863
v 0.0002 -0.1159 -1.4797
v -0.0941 -0.1742 -1.4530
v -0.0969 -0.0601 -1.4933
v -0.0945 -0.4053 -1.4321
v -0.0910 -0.2808 -1.4077
v 0.0009 -0.3212 -1.3736
v -0.2941 -0.1806 -1.4189
v -0.1955 -0.2406 -1.4581
v -0.2729 -0.2792 -1.3226
v -0.2265 -0.4200 -1.1132
v -0.2488 -0.3578 -1.2148
v -0.1638 -0.4036 -1.2265
v -0.5628 0.2445 -1.0471
v -0.4045 0.1496 -1.1347
v -0.4457 0.1832 -1.0148
v -0.5724 0.1484 -1.0608
v -0.5760 0.0495 -1.0653
v -0.2048 -0.0005 -1.5258
v -0.3620 -0.1111 -1.2863
v -0.3036 -0.0621 -1.4613
v -0.2913 0.0596 -1.4179
v -0.3518 0.1082 -1.2624
v -0.4719 -0.2081 -0.8975
v -0.4819 -0.0425 -0.9160
v -0.4782 -0.1265 -0.9093
v -0.4394 -0.1808 -1.0026
v -0.4151 -0.1532 -1.1568
v -0.4108 0.0506 -1.1523
v -0.4240 -0.0522 -1.1800
v -0.4553 -0.0000 -1.0368
v 0.0959 0.5772 -0.8673
v 0.0598 0.5606 -0.9365
v 0.1666 0.6157 -0.7416
v 0.1311 0.5946 -0.8015
v 0.1998 0.5404 -0.9883
v 0.1640 0.5710 -0.8921
v 0.2390 0.5603 -0.9141
v 0.3925 0.8936 -0.6450
v 0.2946 0.7353 -0.6133
v 0.3679 0.6485 -0.7340
v 0.3296 0.6921 -0.6701
v 0.4251 0.7009 -0.6963
v 0.2453 0.6796 -0.6439
v 0.2041 0.6430 -0.6889
v 0.5057 0.4006 -0.9541
v 0.4767 0.4727 -0.9104
v 0.5411 0.4206 -0.8702
v 0.3192 0.5424 -0.9288
v 0.4007 0.5139 -0.9297
v 0.3622 0.4954 -1.0142
v 0.4914 0.5707 -0.7951
v 0.4436 0.5395 -0.8584
v 0.4067 0.5984 -0.7985
v 0.2400 0.6168 -0.7659
v 0.3210 0.6124 -0.7867
v 0.2787 0.5838 -0.8469
v 0.6421 0.9389 -0.0386
v 0.6222 0.9433 -0.1048
v 0.7162 0.8675 -0.1967
v 0.6702 0.9101 -0.1498
v 0.7350 0.8659 -0.1235
v 0.5972 0.9424 -0.1738
v 0.5663 0.9344 -0.2446
v 0.8901 0.6401 -0.3959
v 0.8254 0.6858 -0.3359
v 0.8937 0.6397 -0.3073
v 0.7004 0.7952 -0.4016
v 0.7678 0.7431 -0.3702
v 0.7365 0.7298 -0.4511
v 0.8122 0.7560 -0.2126
v 0.7931 0.7519 -0.2902
v 0.7578 0.8147 -0.2440
v 0.4395 0.8563 -0.4464
v 0.3970 0.8281 -0.5098
v 0.5294 0.9176 -0.3153
v 0.4866 0.8912 -0.3832
v 0.5748 0.8053 -0.4979
v 0.5309 0.8525 -0.4403
v 0.6201 0.8326 -0.4256
v 0.6913 0.8637 -0.2726
v 0.6594 0.8524 -0.3497
v 0.6138 0.8984 -0.2967
v 0.6787 0.0281 -0.4649
v 0.6869 0.0749 -0.4533
v 0.7281 0.0469 -0.4331
v 0.6596 0.1468 -0.5427
v 0.6675 0.1078 -0.4908
v 0.6418 0.0904 -0.5431
v 0.7492 0.1499 -0.4058
v 0.7027 0.1273 -0.4456
v 0.7268 0.1872 -0.4412
v 0.5907 0.3625 -0.8137
v 0.6247 0.3027 -0.7466
v 0.5939 0.2828 -0.8226
v 0.6971 0.3474 -0.6121
v 0.6592 0.3242 -0.6772
v 0.6706 0.4107 -0.6745
v 0.6300 0.1746 -0.6718
v 0.6446 0.2451 -0.6751
v 0.6543 0.1926 -0.6054
v 0.8836 0.4574 -0.3692
v 0.8298 0.4267 -0.4286
v 0.8939 0.5450 -0.4312
v 0.7573 0.2562 -0.4380
v 0.7913 0.3355 -0.4338
v 0.8022 0.2815 -0.3874
v 0.7641 0.4669 -0.5470
v 0.7813 0.3983 -0.4882
v 0.7377 0.3721 -0.5494
v 0.6835 0.2121 -0.5455
v 0.7107 0.2872 -0.5489
v 0.7178 0.2332 -0.4903
v 0.4536 0.8182 -0.5925
v 0.6219 0.7566 -0.5578
v 0.5346 0.7855 -0.5728
v 0.5387 0.8382 -0.7185
v 0.5295 0.6986 -0.7132
v 0.9164 0.6607 -0.5116
v 0.7351 0.5382 -0.6070
v 0.8150 0.5908 -0.5579
v 0.7962 0.6824 -0.5165
v 0.7070 0.7200 -0.5364
v 0.5822 0.4450 -0.7973
v 0.5464 0.6092 -0.7397
v 0.5669 0.5277 -0.7717
v 0.6274 0.4726 -0.7298
v 0.6771 0.5031 -0.6658
v 0.7136 0.7454 -0.6645
v 0.6900 0.6098 -0.6632
v 0.6229 0.6694 -0.7033
v 0.8196 -1.1978 0.0513
v 0.7802 -1.1799 0.1331
v 0.7379 -1.2411 0.0805
v 0.8356 -1.0113 0.2301
v 0.8277 -1.1222 0.1868
v 0.9206 -1.0848 0.1571
v 0.6681 -1.2318 0.2507
v 0.7451 -1.1722 0.2181
v 0.7085 -1.1647 0.3071
v 0.9089 -0.6548 0.4053
v 0.9166 -0.7608 0.3736
v 0.9393 -0.6711 0.3232
v 0.8030 -0.9109 0.4609
v 0.8726 -0.8443 0.4213
v 0.8194 -0.8113 0.5026
v 0.9639 -0.8961 0.2527
v 0.9169 -0.8688 0.3363
v 0.8856 -0.9514 0.2859
v 0.4030 -0.9673 0.5095
v 0.5009 -0.9710 0.5073
v 0.4317 -0.8962 0.5549
v 0.6644 -1.1474 0.3974
v 0.6032 -1.1017 0.4780
v 0.5730 -1.1874 0.4268
v 0.6367 -0.8895 0.5510
v 0.6050 -0.9681 0.5011
v 0.7099 -0.9514 0.4873
v 0.8027 -1.0016 0.3169
v 0.7654 -0.9879 0.4063
v 0.7559 -1.1039 0.3667
v 0.9596 -0.0394 0.6558
v 0.9544 -0.1059 0.6293
v 0.9464 -0.0604 0.5609
v 0.9401 -0.2131 0.7751
v 0.9536 -0.1569 0.7017
v 0.9486 -0.1351 0.8037
v 0.9346 -0.1884 0.5046
v 0.9485 -0.1745 0.6010
v 0.9415 -0.2459 0.5711
v 0.7191 -0.4454 0.9958
v 0.7994 -0.3922 0.9600
v 0.7499 -0.3608 1.0461
v 0.8707 -0.4394 0.7664
v 0.8391 -0.4179 0.8650
v 0.8087 -0.5004 0.8156
v 0.8832 -0.2481 0.9460
v 0.8640 -0.3336 0.9087
v 0.9108 -0.2728 0.8456
v 0.9234 -0.4842 0.3848
v 0.9185 -0.4779 0.4738
v 0.9112 -0.5626 0.4392
v 0.9340 -0.3200 0.5399
v 0.9263 -0.3973 0.5074
v 0.9262 -0.3281 0.4460
v 0.8726 -0.5393 0.6247
v 0.9095 -0.4690 0.5683
v 0.8940 -0.4563 0.6666
v 0.9283 -0.2928 0.7425
v 0.9128 -0.3740 0.7061
v 0.9356 -0.3084 0.6395
v 0.0354 -0.5904 0.8612
v 0.0981 -0.5858 0.8857
v 0.0605 -0.5637 0.9479
v 0.1748 -0.6397 0.7741
v 0.1357 -0.6105 0.8274
v 0.1067 -0.6371 0.7499
v 0.2034 -0.5468 1.0088
v 0.1683 -0.5818 0.9151
v 0.2473 -0.5764 0.9468
v 0.3698 -0.8305 0.5997
v 0.3136 -0.7716 0.6420
v 0.2821 -0.8208 0.5885
v 0.3903 -0.6835 0.7751
v 0.3496 -0.7269 0.7042
v 0.4452 -0.7281 0.7213
v 0.1856 -0.7105 0.6623
v 0.2626 -0.7195 0.6832
v 0.2166 -0.6756 0.7264
v 0.5705 -0.4542 1.0862
v 0.5290 -0.5257 1.0152
v 0.6272 -0.4905 1.0142
v 0.3350 -0.5669 0.9771
v 0.4300 -0.5508 1.0015
v 0.3771 -0.5141 1.0635
v 0.5357 -0.6220 0.8669
v 0.4822 -0.5859 0.9347
v 0.4351 -0.6377 0.8531
v 0.2522 -0.6429 0.8018
v 0.3395 -0.6434 0.8297
v 0.2921 -0.6081 0.8868
v 0.8805 -0.6398 0.4918
v 0.8147 -0.6035 0.6721
v 0.8498 -0.6232 0.5813
v 0.8304 -0.7116 0.5397
v 0.7592 -0.7710 0.5778
v 0.6795 -0.5229 0.9340
v 0.5904 -0.6589 0.7976
v 0.6358 -0.5940 0.8667
v 0.7289 -0.5530 0.8497
v 0.7742 -0.5800 0.7621
v 0.4655 -0.8344 0.6073
v 0.6676 -0.8095 0.6001
v 0.5664 -0.8286 0.6083
v 0.5038 -0.7764 0.6658
v 0.5458 -0.7189 0.7298
v 0.7375 -0.6568 0.7066
v 0.6456 -0.6956 0.7257
v 0.7010 -0.7321 0.6517
v 0.6755 -1.3106 0.0863
v 0.6769 -1.2499 0.0003
v 0.6072 -1.3294 0.2722
v 0.6420 -1.3177 0.1760
v 0.5145 -1.3334 0.0001
v 0.6163 -1.4214 0.0938
v 0.4813 -1.3652 0.0899
v 0.3122 -0.9647 0.5083
v 0.4052 -1.1295 0.5021
v 0.3138 -1.2402 0.3452
v 0.3841 -1.2660 0.4557
v 0.2631 -1.2178 0.4364
v 0.4879 -1.2432 0.4484
v 0.5594 -1.3172 0.3695
v 0.1006 -1.3033 0.0003
v 0.1588 -1.3458 0.0888
v 0.0530 -1.3478 0.0889
v 0.3699 -1.3454 0.0888
v 0.2641 -1.3433 0.0886
v 0.3016 -1.3024 0.0003
v 0.1572 -1.2688 0.2599
v 0.2114 -1.3117 0.1752
v 0.2622 -1.2707 0.2599
v 0.4879 -1.3170 0.2692
v 0.3691 -1.2804 0.2615
v 0.4248 -1.3223 0.1764
v -0.0403 -0.6881 0.9944
v -0.0000 -0.7121 0.9268
v -0.0823 -0.7721 0.8076
v -0.0407 -0.7398 0.8649
v -0.1226 -0.7431 0.8688
v 0.0353 -0.6313 0.7431
v 0.0712 -0.6594 0.6928
v -0.3005 -1.0573 0.6634
v -0.2284 -0.9386 0.6801
v -0.3240 -0.9489 0.6879
v -0.0443 -0.9201 0.6656
v -0.1352 -0.9282 0.6722
v -0.0953 -1.0195 0.6443
v -0.2114 -0.8184 0.7620
v -0.1733 -0.8647 0.7123
v -0.1259 -0.8123 0.7562
v 0.1977 -0.8058 0.5778
v 0.2509 -0.8780 0.5435
v 0.1092 -0.6968 0.6497
v 0.1509 -0.7455 0.6123
v 0.0821 -0.8623 0.5344
v 0.1167 -0.7925 0.5684
v 0.0386 -0.7861 0.5640
v -0.0418 -0.8087 0.7529
v -0.0001 -0.8553 0.7043
v 0.0360 -0.6889 0.6423
v -0.7192 -1.3216 0.0003
v -0.6467 -1.2586 0.0865
v -0.7426 -1.2464 0.0825
v -0.4753 -1.3289 0.0892
v -0.5619 -1.2884 0.0871
v -0.5213 -1.3451 0.0056
v -0.6370 -1.1750 0.2410
v -0.6009 -1.2322 0.1661
v -0.5572 -1.2142 0.2498
v -0.0583 -1.4568 0.0985
v -0.1726 -1.4406 0.0972
v -0.1049 -1.3501 0.0013
v -0.2791 -1.3328 0.2764
v -0.2279 -1.3935 0.1891
v -0.1710 -1.3593 0.2825
v -0.3011 -1.2935 0.0013
v -0.2813 -1.4109 0.0949
v -0.3824 -1.3720 0.0920
v -0.4533 -1.0884 0.5734
v -0.4039 -1.1202 0.4938
v -0.3611 -1.1146 0.5895
v -0.5102 -1.1918 0.3346
v -0.4532 -1.1465 0.4116
v -0.5387 -1.1146 0.3991
v -0.2689 -1.2211 0.4407
v -0.3676 -1.1943 0.4303
v -0.3252 -1.2631 0.3566
v -0.4301 -1.3181 0.1779
v -0.3799 -1.2973 0.2684
v -0.4724 -1.2564 0.2591
v 0.2226 -0.9631 0.5081
v 0.0455 -0.9864 0.5216
v 0.1341 -0.9682 0.5114
v 0.2115 -1.1857 0.5276
v 0.1537 -1.1868 0.4241
v -0.2663 -1.1457 0.6092
v -0.1647 -1.2430 0.4488
v -0.2158 -1.1890 0.5246
v -0.1674 -1.2055 0.6456
v -0.0527 -1.1804 0.6352
v -0.0005 -1.4240 0.1937
v 0.1027 -1.2159 0.3399
v 0.0523 -1.2683 0.2600
v -0.0578 -1.3739 0.2858
v -0.1128 -1.3096 0.3709
v -0.0025 -1.2473 0.5555
v -0.0566 -1.2595 0.4541
v 0.0498 -1.1681 0.4176
v 0.6702 -1.3048 -0.0849
v 0.7462 -1.2562 -0.0803
v 0.4755 -1.3397 -0.0871
v 0.5832 -1.3436 -0.0876
v 0.6353 -1.1742 -0.2385
v 0.6232 -1.2829 -0.1707
v 0.5651 -1.2371 -0.2526
v 0.0529 -1.3441 -0.0872
v 0.1586 -1.3415 -0.0869
v 0.2595 -1.2541 -0.2570
v 0.2230 -1.3830 -0.1856
v 0.1535 -1.2356 -0.2530
v 0.2638 -1.3384 -0.0867
v 0.3691 -1.3372 -0.0867
v 0.3922 -0.9417 -0.4962
v 0.3974 -1.1101 -0.4909
v 0.3116 -0.9654 -0.5097
v 0.5087 -1.1942 -0.3333
v 0.4543 -1.1560 -0.4142
v 0.5165 -1.0706 -0.3816
v 0.2309 -1.0579 -0.3774
v 0.3387 -1.1106 -0.3971
v 0.2975 -1.1676 -0.3257
v 0.4378 -1.3547 -0.1808
v 0.3718 -1.2836 -0.2632
v 0.4880 -1.3085 -0.2683
v -0.6500 -1.0899 -0.0713
v -0.6121 -1.1853 -0.0781
v -0.5035 -1.0985 -0.2242
v -0.5528 -1.1319 -0.1519
v -0.5378 -0.9938 -0.2007
v -0.5654 -1.2945 -0.0847
v -0.4612 -1.2931 -0.0838
v -0.2784 -0.8578 -0.4508
v -0.3326 -0.9227 -0.4041
v -0.3590 -0.8602 -0.4521
v -0.2891 -1.1283 -0.3158
v -0.3043 -0.9919 -0.3523
v -0.2197 -1.0026 -0.3562
v -0.4593 -0.9519 -0.3379
v -0.3847 -0.9752 -0.3463
v -0.4573 -1.0708 -0.2981
v -0.1644 -1.3785 -0.0886
v -0.0556 -1.3965 -0.0899
v -0.3652 -1.3151 -0.0846
v -0.2676 -1.3476 -0.0865
v -0.1569 -1.2536 -0.2605
v -0.2263 -1.3875 -0.1880
v -0.2555 -1.2253 -0.2538
v -0.4296 -1.1451 -0.2348
v -0.3468 -1.1882 -0.2450
v -0.4169 -1.2793 -0.1722
v 0.0312 -0.5182 -0.7564
v 0.0000 -0.5329 -0.7006
v -0.0314 -0.5208 -0.7600
v 0.0655 -0.6074 -0.6384
v 0.0312 -0.5577 -0.6572
v 0.0942 -0.5608 -0.6602
v -0.0957 -0.5712 -0.6724
v -0.0314 -0.5621 -0.6622
v -0.0671 -0.6239 -0.6555
v 0.2442 -0.8566 -0.5310
v 0.1903 -0.7779 -0.5586
v 0.2838 -0.8290 -0.5958
v 0.0343 -0.6985 -0.5011
v 0.1062 -0.7213 -0.5175
v 0.0729 -0.7633 -0.4722
v 0.1753 -0.6725 -0.6271
v 0.1485 -0.7379 -0.6068
v 0.1094 -0.7031 -0.6557
v -0.2532 -0.7357 -0.5272
v -0.1770 -0.7199 -0.5161
v -0.2253 -0.7868 -0.4866
v -0.1075 -0.6904 -0.6437
v -0.1369 -0.6758 -0.5552
v -0.1769 -0.6793 -0.6332
v -0.0726 -0.7608 -0.4707
v -0.1041 -0.7058 -0.5062
v -0.0343 -0.6978 -0.5006
v 0.0366 -0.7085 -0.6606
v -0.0000 -0.6703 -0.5509
v -0.0361 -0.6961 -0.6490
v -0.0005 -1.4247 -0.1938
v -0.0993 -1.1615 -0.3267
v -0.0532 -1.2707 -0.2646
v 0.0507 -1.2258 -0.2509
v 0.0956 -1.1232 -0.3125
v -0.1970 -0.8499 -0.4468
v -0.0387 -0.8348 -0.4390
v -0.1169 -0.8408 -0.4420
v -0.1667 -0.9249 -0.4052
v -0.1403 -1.0688 -0.3840
v 0.2036 -0.8798 -0.4629
v 0.1358 -1.0356 -0.3691
v 0.1698 -0.9427 -0.4131
v 0.1179 -0.8477 -0.4456
v 0.0386 -0.8331 -0.4379
v -0.0470 -1.0723 -0.3857
v -0.0000 -0.9217 -0.4040
v 0.0448 -1.0256 -0.3654
v 0.7754 -1.1725 -0.1320
v 0.8241 -1.2033 -0.0495
v 0.6554 -1.0781 -0.2833
v 0.7123 -1.1211 -0.2082
v 0.8255 -0.9725 -0.1387
v 0.7800 -1.0573 -0.1753
v 0.7893 -0.9558 -0.2169
v 0.4043 -0.8385 -0.5188
v 0.4675 -0.9053 -0.4720
v 0.6462 -0.8657 -0.4421
v 0.5574 -0.8909 -0.4599
v 0.5841 -0.8153 -0.5041
v 0.5305 -0.9669 -0.4157
v 0.5982 -1.0329 -0.3556
v 0.8608 -0.6166 -0.2965
v 0.8332 -0.6930 -0.3396
v 0.8242 -0.5946 -0.3677
v 0.8127 -0.8742 -0.2618
v 0.8289 -0.7871 -0.3037
v 0.8604 -0.8021 -0.2253
v 0.7390 -0.7322 -0.4528
v 0.7884 -0.7640 -0.3803
v 0.7252 -0.8230 -0.4153
v 0.6734 -0.9835 -0.3248
v 0.7018 -0.9060 -0.3715
v 0.7493 -0.9355 -0.2953
v 0.0539 -0.5000 -0.8420
v 0.0860 -0.5143 -0.7787
v 0.2148 -0.4999 -0.8226
v 0.1474 -0.5090 -0.8019
v 0.1796 -0.4812 -0.8893
v 0.1183 -0.5322 -0.7221
v 0.1525 -0.5580 -0.6758
v 0.4876 -0.3805 -0.7889
v 0.4282 -0.4246 -0.8221
v 0.4516 -0.3588 -0.8595
v 0.3704 -0.5419 -0.7261
v 0.4008 -0.4860 -0.7770
v 0.4475 -0.5187 -0.7241
v 0.3214 -0.4371 -0.9057
v 0.3594 -0.4594 -0.8373
v 0.2866 -0.4841 -0.8361
v 0.2874 -0.7071 -0.5885
v 0.3437 -0.7715 -0.5571
v 0.1912 -0.5960 -0.6412
v 0.2362 -0.6471 -0.6146
v 0.3932 -0.6421 -0.6363
v 0.3097 -0.6432 -0.6234
v 0.3392 -0.5930 -0.6731
v 0.2517 -0.5230 -0.7640
v 0.2924 -0.5533 -0.7145
v 0.2188 -0.5569 -0.6954
v 0.7068 -0.0451 -0.4192
v 0.6600 -0.0720 -0.4354
v 0.6176 -0.0255 -0.4230
v 0.7781 -0.2006 -0.4722
v 0.7193 -0.1306 -0.4559
v 0.7192 -0.1443 -0.3888
v 0.5809 -0.0828 -0.4931
v 0.6259 -0.1018 -0.4608
v 0.6049 -0.1360 -0.4990
v 0.8053 -0.4975 -0.3885
v 0.7895 -0.4103 -0.4077
v 0.8499 -0.4449 -0.3548
v 0.6837 -0.3485 -0.5102
v 0.7341 -0.3781 -0.4591
v 0.7099 -0.4386 -0.5085
v 0.8005 -0.2821 -0.3862
v 0.7946 -0.3389 -0.4358
v 0.8044 -0.2728 -0.4654
v 0.5356 -0.2574 -0.7475
v 0.5646 -0.2761 -0.6786
v 0.5336 -0.3297 -0.7395
v 0.5931 -0.1767 -0.5510
v 0.5825 -0.2240 -0.6132
v 0.5675 -0.1594 -0.6086
v 0.6136 -0.3790 -0.6191
v 0.5986 -0.2974 -0.6176
v 0.6384 -0.3215 -0.5623
v 0.6950 -0.2276 -0.4754
v 0.6576 -0.2686 -0.5091
v 0.6317 -0.1982 -0.5056
v 0.4274 -0.7653 -0.5567
v 0.4789 -0.6300 -0.6399
v 0.4538 -0.6985 -0.5990
v 0.5186 -0.7580 -0.5561
v 0.6062 -0.7345 -0.5441
v 0.5280 -0.4055 -0.7260
v 0.6241 -0.4670 -0.6145
v 0.5736 -0.4345 -0.6689
v 0.5171 -0.4824 -0.7051
v 0.5006 -0.5578 -0.6760
v 0.7805 -0.5675 -0.4360
v 0.6822 -0.6928 -0.5188
v 0.7410 -0.6353 -0.4815
v 0.7307 -0.5359 -0.5000
v 0.6775 -0.5016 -0.5591
v 0.5593 -0.6020 -0.6284
v 0.6271 -0.5580 -0.6007
v 0.6210 -0.6482 -0.5770
v 0.8764 -1.1483 -0.0000
v 0.8693 -0.9123 -0.0941
v 0.8800 -1.0333 -0.0498
v 0.9826 -1.1512 0.0549
v 1.0353 -1.0798 0.1114
v 0.8881 -0.5480 -0.2544
v 0.8922 -0.6387 -0.2193
v 0.9479 -0.6775 -0.0467
v 0.9197 -0.6581 -0.1357
v 0.9771 -0.6009 -0.0933
v 0.8933 -0.7328 -0.1811
v 0.8838 -0.8231 -0.1388
v 0.9837 -0.7008 0.2415
v 0.9448 -0.5819 0.2700
v 1.0135 -0.9392 0.1587
v 1.0785 -0.8761 0.2185
v 1.0833 -0.6578 0.1028
v 1.1145 -0.7869 0.1629
v 1.0038 -0.7151 0.0487
v 0.9059 -0.8432 -0.0474
v 0.9389 -0.7692 -0.0001
v 0.9534 -0.8850 0.0492
v 0.8157 0.0003 -0.4410
v 0.7063 -0.0446 -0.3637
v 0.6697 -0.0423 -0.2390
v 0.6745 -0.0426 -0.2941
v 0.7676 -0.0007 -0.2955
v 0.6856 -0.0892 -0.3342
v 0.6963 -0.1399 -0.3191
v 0.7103 -0.0449 -0.0282
v 0.7036 -0.0445 -0.0837
v 0.7980 -0.0001 -0.0617
v 0.7337 -0.1478 -0.1529
v 0.7142 -0.0933 -0.1161
v 0.7487 -0.1509 -0.0936
v 0.7770 -0.0002 -0.1801
v 0.6918 -0.0437 -0.1372
v 0.6786 -0.0429 -0.1884
v 0.8772 -0.3813 -0.3165
v 0.9220 -0.4813 -0.2994
v 0.7305 -0.2012 -0.3124
v 0.7851 -0.2776 -0.3102
v 0.8105 -0.2873 -0.1779
v 0.7938 -0.2811 -0.2440
v 0.7594 -0.2096 -0.1949
v 0.6836 -0.0892 -0.2223
v 0.7156 -0.1441 -0.2088
v 0.6999 -0.1409 -0.2625
v 0.9267 -0.0593 0.4757
v 1.0275 -0.0001 0.5503
v 0.9143 -0.1843 0.4175
v 0.9194 -0.1205 0.4465
v 0.9751 -0.0001 0.3713
v 0.8985 -0.0574 0.3902
v 0.8631 -0.0550 0.3066
v 0.9268 -0.4856 0.3002
v 0.9184 -0.4011 0.3304
v 0.8632 -0.2378 0.2206
v 0.8972 -0.3175 0.2748
v 0.8794 -0.3110 0.1923
v 0.9137 -0.3236 0.3598
v 0.9123 -0.2517 0.3887
v 0.8367 -0.0001 0.0631
v 0.7503 -0.0474 0.0888
v 0.7309 -0.0461 0.0288
v 0.8232 -0.0523 0.2274
v 0.7834 -0.0496 0.1546
v 0.8993 -0.0001 0.2043
v 0.7943 -0.1596 0.0989
v 0.7818 -0.1019 0.1265
v 0.8221 -0.1653 0.1706
v 0.8869 -0.1787 0.3313
v 0.8549 -0.1720 0.2483
v 0.8550 -0.1118 0.2767
v 1.0185 -0.5289 -0.2363
v 0.8259 -0.2928 -0.1088
v 0.8735 -0.3812 -0.1576
v 0.9866 -0.5141 -0.1373
v 0.9636 -0.5033 -0.0447
v 0.7289 -0.0952 -0.0000
v 0.8192 -0.2254 0.0698
v 0.7776 -0.1561 0.0322
v 0.7570 -0.1525 -0.0316
v 0.7903 -0.2182 -0.0676
v 0.9321 -0.4879 0.2155
v 0.9575 -0.4992 0.0443
v 0.9421 -0.4922 0.1307
v 0.9031 -0.3939 0.1624
v 0.8634 -0.3052 0.1133
v 0.8347 -0.2959 -0.0367
v 0.8536 -0.3017 0.0373
v 0.8814 -0.3852 -0.0000
v 0.0662 -0.5308 1.0306
v 0.2214 -0.5020 1.0957
v 0.1396 -0.5177 1.0624
v 0.0725 -0.4910 1.1262
v 0.0796 -0.4402 1.2327
v 0.6061 -0.3748 1.1542
v 0.5075 -0.4185 1.1597
v 0.3615 -0.3356 1.3067
v 0.4375 -0.3788 1.2326
v 0.4665 -0.2890 1.3139
v 0.4077 -0.4539 1.1491
v 0.3113 -0.4813 1.1262
v 0.0961 -0.1774 1.4905
v 0.0978 -0.0601 1.5146
v 0.0892 -0.3850 1.3793
v 0.0962 -0.2978 1.4907
v 0.3118 -0.1945 1.5389
v 0.2017 -0.2513 1.5299
v 0.2863 -0.2964 1.4138
v 0.2408 -0.4465 1.1911
v 0.2606 -0.3760 1.2881
v 0.1662 -0.4104 1.2617
v 1.0493 -0.0004 0.7921
v 1.1276 0.1159 1.0569
v 1.0557 0.0483 0.8865
v 0.9591 -0.0457 0.8133
v 0.9413 -0.0971 0.8948
v 0.7800 0.3635 1.2541
v 0.8643 0.2990 1.1990
v 0.9161 0.0686 1.2740
v 0.8907 0.1863 1.2364
v 0.8273 0.1306 1.3311
v 0.9414 0.2359 1.1407
v 1.0103 0.1749 1.0796
v 0.7813 -0.2684 1.0907
v 0.6988 -0.3240 1.1309
v 0.9073 -0.1531 0.9724
v 0.8509 -0.2105 1.0364
v 0.8232 -0.1283 1.3284
v 0.8237 -0.1705 1.1486
v 0.8948 -0.0617 1.2452
v 1.1407 0.0648 1.2077
v 1.0409 0.0004 1.2574
v 0.9454 -0.0536 1.0120
v 0.0878 0.7077 1.3711
v 0.0962 0.5358 1.4966
v 0.0922 0.6270 1.4341
v 0.1837 0.6832 1.3985
v 0.2876 0.6517 1.4176
v 0.1063 0.0656 1.6496
v 0.1052 0.1951 1.6330
v 0.3210 0.3311 1.5802
v 0.2129 0.2638 1.6150
v 0.3271 0.2027 1.6113
v 0.1030 0.3187 1.6008
v 0.0999 0.4330 1.5540
v 0.5942 0.4898 1.3463
v 0.6889 0.4271 1.3024
v 0.3942 0.6075 1.4145
v 0.4967 0.5514 1.3867
v 0.5319 0.3294 1.4874
v 0.5156 0.4461 1.4405
v 0.4239 0.3930 1.5216
v 0.2005 0.4970 1.5222
v 0.3118 0.4501 1.5346
v 0.3001 0.5567 1.4775
v 0.6387 -0.2824 1.2161
v 0.7104 -0.0627 1.3505
v 0.6907 -0.1843 1.3136
v 0.5745 -0.2378 1.3118
v 0.5202 -0.1951 1.4635
v 0.7143 0.3171 1.3510
v 0.5446 0.2032 1.5246
v 0.6358 0.2635 1.4427
v 0.7349 0.1967 1.3905
v 0.7513 0.0695 1.4221
v 0.1998 -0.0001 1.5161
v 0.4184 -0.1302 1.5107
v 0.3051 -0.0628 1.5074
v 0.3306 0.0688 1.6302
v 0.4416 0.1375 1.5888
v 0.6073 0.0004 1.3860
v 0.5540 0.0705 1.5526
v 0.5175 -0.0640 1.4565
v -0.7973 -1.2033 0.1362
v -0.6732 -1.1076 0.2935
v -0.7202 -1.1364 0.2143
v -0.8668 -1.1685 0.1952
v -0.8708 -1.0446 0.2384
v -0.5098 -1.0612 0.6619
v -0.5475 -1.0629 0.5541
v -0.7565 -1.0159 0.5199
v -0.6467 -1.0378 0.5353
v -0.7160 -1.0017 0.6218
v -0.5859 -1.0688 0.4612
v -0.6290 -1.0860 0.3759
v -0.9269 -0.7684 0.3751
v -0.9626 -0.6941 0.4257
v -0.8823 -0.9392 0.2820
v -0.8999 -0.8486 0.3274
v -0.8708 -0.8604 0.5308
v -0.8894 -0.8562 0.4262
v -0.8490 -0.9596 0.4861
v -0.7264 -1.0647 0.3543
v -0.7994 -1.0328 0.4262
v -0.8583 -1.0676 0.3397
v -0.1124 -0.6856 1.0239
v -0.2658 -0.6224 1.0174
v -0.1935 -0.6920 1.0692
v -0.1557 -0.7135 0.9563
v -0.1998 -0.7434 0.8914
v -0.6888 -0.5489 1.1116
v -0.5827 -0.5886 1.1164
v -0.5165 -0.7675 1.0148
v -0.5395 -0.6608 1.0425
v -0.5992 -0.6993 0.9678
v -0.4843 -0.6263 1.1230
v -0.3487 -0.5918 1.0163
v -0.3530 -0.8768 0.7314
v -0.4216 -0.9519 0.6947
v -0.2460 -0.7782 0.8314
v -0.2961 -0.8212 0.7776
v -0.5039 -0.8417 0.8246
v -0.3921 -0.8287 0.7982
v -0.4496 -0.8069 0.9018
v -0.3518 -0.7507 1.0740
v -0.4005 -0.7780 0.9861
v -0.2878 -0.7527 0.9255
v -1.0744 -0.1197 0.7081
v -1.0385 -0.2720 0.6290
v -1.0604 -0.1958 0.6714
v -1.0811 -0.1787 0.7936
v -1.0832 -0.2483 0.8914
v -1.0050 -0.6222 0.4793
v -1.0514 -0.5494 0.5353
v -1.0632 -0.5500 0.7919
v -1.0875 -0.5647 0.6694
v -1.0519 -0.6570 0.7495
v -1.0976 -0.4732 0.5922
v -1.1381 -0.3920 0.6476
v -0.8959 -0.4483 1.0720
v -0.7951 -0.5022 1.0980
v -1.0708 -0.3296 0.9931
v -0.9872 -0.3889 1.0342
v -0.8895 -0.5585 0.8954
v -0.9403 -0.4767 0.9659
v -0.9834 -0.5047 0.8657
v -1.0664 -0.3537 0.7268
v -1.0943 -0.4571 0.8457
v -1.0243 -0.3256 0.8187
v -0.5266 -0.9491 0.6967
v -0.6397 -0.8542 0.8583
v -0.5657 -0.8842 0.7551
v -0.6367 -0.9368 0.6906
v -0.7461 -0.9099 0.6728
v -0.7408 -0.5796 1.0162
v -0.8468 -0.6409 0.8345
v -0.7913 -0.6085 0.9212
v -0.6920 -0.6536 0.9425
v -0.6660 -0.7465 0.8993
v -0.9646 -0.7024 0.5318
v -0.8436 -0.8609 0.6388
v -0.9161 -0.7876 0.5886
v -0.9884 -0.7295 0.6692
v -0.9238 -0.6907 0.7653
v -0.7394 -0.8024 0.8337
v -0.8263 -0.7402 0.7951
v -0.8140 -0.8583 0.7588
v -0.0865 -0.5174 -0.7831
v -0.1569 -0.5751 -0.6962
v -0.1195 -0.5378 -0.7295
v -0.1485 -0.5130 -0.8078
v -0.2168 -0.5049 -0.8305
v -0.3325 -0.7462 -0.5385
v -0.2809 -0.6908 -0.5747
v -0.3661 -0.6417 -0.7279
v -0.3154 -0.6557 -0.6352
v -0.3954 -0.6460 -0.6401
v -0.2433 -0.6678 -0.6340
v -0.2139 -0.6709 -0.7208
v -0.4326 -0.4289 -0.8303
v -0.4912 -0.3830 -0.7943
v -0.2900 -0.4900 -0.8458
v -0.3639 -0.4652 -0.8475
v -0.5241 -0.6082 -0.8485
v -0.4169 -0.5059 -0.8084
v -0.4189 -0.6150 -0.8226
v -0.2289 -0.5840 -0.7287
v -0.3151 -0.5981 -0.7713
v -0.2571 -0.5348 -0.7807
v -0.6287 -0.9515 -0.1058
v -0.6888 -0.8342 -0.1889
v -0.6561 -0.8901 -0.1465
v -0.6004 -0.9456 -0.1743
v -0.5705 -0.9388 -0.2455
v -0.7896 -0.5696 -0.3522
v -0.7754 -0.6449 -0.3158
v -0.6722 -0.7629 -0.3848
v -0.7297 -0.7070 -0.3518
v -0.6989 -0.6924 -0.4281
v -0.7516 -0.7137 -0.2751
v -0.7217 -0.7763 -0.2322
v -0.4422 -0.8563 -0.4462
v -0.3879 -0.8045 -0.4974
v -0.5350 -0.9240 -0.3171
v -0.4920 -0.8968 -0.3852
v -0.5577 -0.7785 -0.4814
v -0.5252 -0.8396 -0.4333
v -0.6033 -0.8082 -0.4126
v -0.6680 -0.8340 -0.2629
v -0.6400 -0.8263 -0.3386
v -0.6054 -0.8842 -0.2917
v -0.7024 -0.0769 -0.4641
v -0.6307 -0.1416 -0.5205
v -0.6602 -0.1074 -0.4865
v -0.7529 -0.1371 -0.4784
v -0.8335 -0.2156 -0.5073
v -0.5367 -0.3313 -0.7434
v -0.5693 -0.2780 -0.6839
v -0.7612 -0.3802 -0.6700
v -0.6344 -0.3140 -0.6542
v -0.7182 -0.4407 -0.7238
v -0.5919 -0.2272 -0.6229
v -0.6100 -0.1813 -0.5667
v -0.7858 -0.4089 -0.4058
v -0.7921 -0.4893 -0.3820
v -0.8031 -0.2738 -0.4653
v -0.7847 -0.3360 -0.4305
v -0.7176 -0.4431 -0.5140
v -0.7510 -0.3868 -0.4697
v -0.7295 -0.3710 -0.5443
v -0.6855 -0.2143 -0.5489
v -0.7906 -0.3204 -0.6122
v -0.8093 -0.2640 -0.5545
v -0.4182 -0.7489 -0.5447
v -0.5871 -0.7115 -0.5271
v -0.5051 -0.7383 -0.5417
v -0.4489 -0.6912 -0.5928
v -0.4787 -0.6298 -0.6396
v -0.7595 -0.5521 -0.4243
v -0.6774 -0.5014 -0.5590
v -0.7211 -0.5287 -0.4934
v -0.7161 -0.6138 -0.4653
v -0.6586 -0.6688 -0.5008
v -0.5517 -0.4230 -0.7583
v -0.5126 -0.5713 -0.6922
v -0.5946 -0.5536 -0.8102
v -0.6623 -0.4995 -0.7715
v -0.6417 -0.4799 -0.6316
v -0.6101 -0.6368 -0.5669
v -0.6245 -0.5557 -0.5983
v -0.5572 -0.5998 -0.6262
v 0.6556 0.0002 -0.4975
v 0.5597 -0.0576 -0.5316
v 0.5670 -0.0269 -0.4803
v 0.6349 0.0299 -0.5366
v 0.6250 0.0635 -0.5912
v 0.5113 -0.2369 -0.8268
v 0.5368 -0.1842 -0.7487
v 0.5344 -0.0367 -0.7452
v 0.5360 -0.1104 -0.7475
v 0.5265 -0.0812 -0.8504
v 0.5500 -0.1359 -0.6693
v 0.5557 -0.0936 -0.5953
v 0.5950 0.2018 -0.8227
v 0.5685 0.2609 -0.9095
v 0.6190 0.1028 -0.6593
v 0.6107 0.1489 -0.7379
v 0.5822 0.0886 -0.9255
v 0.5940 0.1206 -0.8199
v 0.5928 0.0401 -0.8174
v 0.5475 -0.0308 -0.5864
v 0.5404 0.0000 -0.6575
v 0.6124 0.0339 -0.6519
v 0.0597 -0.4796 -0.9319
v 0.0772 -0.4279 -1.1952
v 0.0668 -0.4530 -1.0397
v 0.1261 -0.4675 -0.9600
v 0.1982 -0.4490 -0.9806
v 0.0927 -0.0567 -1.4343
v 0.0901 -0.1655 -1.3952
v 0.2520 -0.2589 -1.2447
v 0.1749 -0.2152 -1.3277
v 0.2629 -0.1620 -1.2991
v 0.0859 -0.2632 -1.3304
v 0.0841 -0.3611 -1.2965
v 0.4149 -0.3417 -0.9473
v 0.4707 -0.2907 -0.8955
v 0.2733 -0.4221 -0.9881
v 0.3473 -0.3862 -0.9780
v 0.4198 -0.2589 -1.1739
v 0.3863 -0.3339 -1.0843
v 0.3367 -0.3117 -1.2096
v 0.1720 -0.4250 -1.2943
v 0.2564 -0.3695 -1.2579
v 0.2231 -0.4134 -1.1010
v 0.0663 0.5364 -1.0315
v 0.2062 0.4672 -1.0193
v 0.1405 0.5260 -1.0658
v 0.0687 0.4658 -1.0686
v 0.0841 0.4658 -1.2940
v 0.5310 0.3259 -0.9959
v 0.4784 0.3936 -1.0759
v 0.3224 0.2984 -1.1635
v 0.4141 0.3575 -1.1577
v 0.4024 0.2482 -1.1299
v 0.3724 0.4141 -1.0460
v 0.2906 0.4491 -1.0486
v 0.0902 0.1657 -1.3977
v 0.0926 0.0566 -1.4332
v 0.0824 0.3539 -1.2749
v 0.0862 0.2642 -1.3360
v 0.2629 0.1620 -1.2996
v 0.1752 0.2156 -1.3303
v 0.2518 0.2587 -1.2445
v 0.2520 0.4676 -1.2360
v 0.2416 0.3477 -1.1922
v 0.1620 0.3995 -1.2255
v 0.4938 -0.2176 -0.9380
v 0.4085 -0.1512 -1.1485
v 0.5194 -0.2128 -1.1713
v 0.5218 -0.1377 -0.9879
v 0.5392 -0.0473 -1.0185
v 0.1846 -0.0000 -1.4005
v 0.3429 0.1058 -1.2398
v 0.2693 0.0553 -1.3316
v 0.2698 -0.0554 -1.3333
v 0.3433 -0.1059 -1.2407
v 0.5567 0.2427 -1.0384
v 0.5384 0.0472 -1.0174
v 0.5786 0.1509 -1.0768
v 0.4959 0.2033 -1.1229
v 0.4068 0.1506 -1.1445
v 0.4127 -0.0509 -1.1615
v 0.4120 0.0508 -1.1598
v 0.4883 -0.0000 -1.1084
v 1.0244 0.0652 0.5208
v 0.9693 0.0610 0.3396
v 1.0006 0.0633 0.4296
v 1.0263 0.1331 0.4929
v 1.0501 0.2074 0.4727
v 0.8397 0.0521 0.0323
v 0.8588 0.0534 0.0996
v 0.9660 0.1891 0.1955
v 0.8992 0.1149 0.1423
v 0.9312 0.1821 0.1127
v 0.8921 0.0557 0.1727
v 0.9315 0.0584 0.2532
v 0.9701 0.4234 0.3456
v 0.9445 0.4934 0.3036
v 1.1612 0.3183 0.4845
v 1.0202 0.3635 0.3967
v 1.0055 0.3550 0.2162
v 1.0106 0.3587 0.3050
v 1.0765 0.2928 0.2681
v 0.9741 0.1252 0.3101
v 1.0035 0.1968 0.2854
v 1.0325 0.2031 0.3790
v 0.8060 0.0510 -0.4151
v 0.8086 0.1616 -0.3718
v 0.8031 0.1042 -0.3922
v 0.8211 0.0506 -0.3571
v 0.7937 0.0486 -0.2820
v 0.9348 0.4833 -0.3034
v 0.8846 0.3822 -0.3197
v 0.9728 0.2635 -0.2496
v 0.9053 0.3176 -0.2793
v 0.9574 0.3353 -0.2105
v 0.8500 0.2982 -0.3366
v 0.8244 0.2255 -0.3536
v 0.8056 0.0501 -0.0959
v 0.8111 0.0505 -0.0322
v 0.7897 0.0488 -0.2188
v 0.7966 0.0494 -0.1579
v 0.8825 0.1733 -0.1100
v 0.8302 0.1061 -0.1348
v 0.8840 0.1733 -0.1833
v 0.8967 0.1779 -0.3364
v 0.8999 0.1769 -0.2618
v 0.8370 0.1063 -0.2708
v 0.6921 0.9093 -0.0000
v 0.8114 0.8528 0.0866
v 0.7579 0.8923 0.0422
v 0.7396 0.8706 -0.0414
v 0.7835 0.8224 -0.0848
v 0.9296 0.5708 0.2644
v 0.9255 0.6574 0.2273
v 1.0214 0.7241 0.0501
v 0.9643 0.6830 0.1430
v 0.9696 0.5913 0.0931
v 0.9545 0.7769 0.1933
v 0.8953 0.8344 0.1383
v 0.9067 0.6490 -0.2229
v 0.9947 0.6089 -0.2841
v 0.8228 0.7656 -0.1292
v 0.8595 0.7043 -0.1745
v 1.0186 0.6225 -0.0962
v 0.9308 0.6657 -0.1380
v 0.9741 0.6944 -0.0486
v 0.8647 0.8063 0.0435
v 0.9034 0.7411 -0.0016
v 0.8322 0.7748 -0.0440
v 0.8367 0.1072 -0.0003
v 0.9614 0.2593 -0.0819
v 0.8845 0.1739 -0.0369
v 0.9112 0.1782 0.0366
v 1.0013 0.2698 0.0826
v 0.9724 0.5028 -0.2250
v 0.9694 0.5024 -0.0438
v 0.9828 0.5084 -0.1358
v 0.9624 0.4157 -0.1735
v 0.9896 0.3458 -0.1303
v 0.9497 0.4950 0.2180
v 1.0072 0.3536 0.1298
v 0.9683 0.4206 0.1723
v 0.9589 0.4986 0.1323
v 0.9735 0.5048 0.0455
v 0.9958 0.3480 -0.0435
v 0.9608 0.4163 0.0003
v 1.0144 0.3546 0.0436

f 1 643 645
f 163 644 643
f 165 645 644
f 643 644 645
f 43 646 648
f 164 647 646
f 163 648 647
f 646 647 648
f 45 649 651
f 165 650 649
f 164 651 650
f 649 650 651
f 163 647 644
f 164 650 647
f 165 644 650
f 647 650 644
f 13 652 654
f 166 653 652
f 168 654 653
f 652 653 654
f 44 655 657
f 167 656 655
f 166 657 656
f 655 656 657
f 43 658 660
f 168 659 658
f 167 660 659
f 658 659 660
f 166 656 653
f 167 659 656
f 168 653 659
f 656 659 653
f 15 661 663
f 169 662 661
f 171 663 662
f 661 662 663
f 45 664 666
f 170 665 664
f 169 666 665
f 664 665 666
f 44 667 669
f 171 668 667
f 170 669 668
f 667 668 669
f 169 665 662
f 170 668 665
f 171 662 668
f 665 668 662
f 43 660 646
f 167 670 660
f 164 646 670
f 660 670 646
f 44 669 655
f 170 671 669
f 167 655 671
f 669 671 655
f 45 651 664
f 164 672 651
f 170 664 672
f 651 672 664
f 167 671 670
f 170 672 671
f 164 670 672
f 671 672 670
f 12 673 675
f 172 674 673
f 174 675 674
f 673 674 675
f 46 676 678
f 173 677 676
f 172 678 677
f 676 677 678
f 48 679 681
f 174 680 679
f 173 681 680
f 679 680 681
f 172 677 674
f 173 680 677
f 174 674 680
f 677 680 674
f 14 682 684
f 175 683 682
f 177 684 683
f 682 683 684
f 47 685 687
f 176 686 685
f 175 687 686
f 685 686 687
f 46 688 690
f 177 689 688
f 176 690 689
f 688 689 690
f 175 686 683
f 176 689 686
f 177 683 689
f 686 689 683
f 13 691 693
f 178 692 691
f 180 693 692
f 691 692 693
f 48 694 696
f 179 695 694
f 178 696 695
f 694 695 696
f 47 697 699
f 180 698 697
f 179 699 698
f 697 698 699
f 178 695 692
f 179 698 695
f 180 692 698
f 695 698 692
f 46 690 676
f 176 700 690
f 173 676 700
f 690 700 676
f 47 699 685
f 179 701 699
f 176 685 701
f 699 701 685
f 48 681 694
f 173 702 681
f 179 694 702
f 681 702 694
f 176 701 700
f 179 702 701
f 173 700 702
f 701 702 700
f 6 703 705
f 181 704 703
f 183 705 704
f 703 704 705
f 49 706 708
f 182 707 706
f 181 708 707
f 706 707 708
f 51 709 711
f 183 710 709
f 182 711 710
f 709 710 711
f 181 707 704
f 182 710 707
f 183 704 710
f 707 710 704
f 15 712 714
f 184 713 712
f 186 714 713
f 712 713 714
f 50 715 717
f 185 716 715
f 184 717 716
f 715 716 717
f 49 718 720
f 186 719 718
f 185 720 719
f 718 719 720
f 184 716 713
f 185 719 716
f 186 713 719
f 716 719 713
f 14 721 723
f 187 722 721
f 189 723 722
f 721 722 723
f 51 724 726
f 188 725 724
f 187 726 725
f 724 725 726
f 50 727 729
f 189 728 727
f 188 729 728
f 727 728 729
f 187 725 722
f 188 728 725
f 189 722 728
f 725 728 722
f 49 720 706
f 185 730 720
f 182 706 730
f 720 730 706
f 50 729 715
f 188 731 729
f 185 715 731
f 729 731 715
f 51 711 724
f 182 732 711
f 188 724 732
f 711 732 724
f 185 731 730
f 188 732 731
f 182 730 732
f 731 732 730
f 13 693 652
f 180 733 693
f 166 652 733
f 693 733 652
f 47 734 697
f 190 735 734
f 180 697 735
f 734 735 697
f 44 657 737
f 166 736 657
f 190 737 736
f 657 736 737
f 180 735 733
f 190 736 735
f 166 733 736
f 735 736 733
f 14 723 682
f 189 738 723
f 175 682 738
f 723 738 682
f 50 739 727
f 191 740 739
f 189 727 740
f 739 740 727
f 47 687 742
f 175 741 687
f 191 742 741
f 687 741 742
f 189 740 738
f 191 741 740
f 175 738 741
f 740 741 738
f 15 663 712
f 171 743 663
f 184 712 743
f 663 743 712
f 44 744 667
f 192 745 744
f 171 667 745
f 744 745 667
f 50 717 747
f 184 746 717
f 192 747 746
f 717 746 747
f 171 745 743
f 192 746 745
f 184 743 746
f 745 746 743
f 47 742 734
f 191 748 742
f 190 734 748
f 742 748 734
f 50 747 739
f 192 749 747
f 191 739 749
f 747 749 739
f 44 737 744
f 190 750 737
f 192 744 750
f 737 750 744
f 191 749 748
f 192 750 749
f 190 748 750
f 749 750 748
f 1 645 752
f 165 751 645
f 194 752 751
f 645 751 752
f 45 753 649
f 193 754 753
f 165 649 754
f 753 754 649
f 53 755 757
f 194 756 755
f 193 757 756
f 755 756 757
f 165 754 751
f 193 756 754
f 194 751 756
f 754 756 751
f 15 758 661
f 195 759 758
f 169 661 759
f 758 759 661
f 52 760 762
f 196 761 760
f 195 762 761
f 760 761 762
f 45 666 764
f 169 763 666
f 196 764 763
f 666 763 764
f 195 761 759
f 196 763 761
f 169 759 763
f 761 763 759
f 17 765 767
f 197 766 765
f 199 767 766
f 765 766 767
f 53 768 770
f 198 769 768
f 197 770 769
f 768 769 770
f 52 771 773
f 199 772 771
f 198 773 772
f 771 772 773
f 197 769 766
f 198 772 769
f 199 766 772
f 769 772 766
f 45 764 753
f 196 774 764
f 193 753 774
f 764 774 753
f 52 773 760
f 198 775 773
f 196 760 775
f 773 775 760
f 53 757 768
f 193 776 757
f 198 768 776
f 757 776 768
f 196 775 774
f 198 776 775
f 193 774 776
f 775 776 774
f 6 777 703
f 200 778 777
f 181 703 778
f 777 778 703
f 54 779 781
f 201 780 779
f 200 781 780
f 779 780 781
f 49 708 783
f 181 782 708
f 201 783 782
f 708 782 783
f 200 780 778
f 201 782 780
f 181 778 782
f 780 782 778
f 16 784 786
f 202 785 784
f 204 786 785
f 784 785 786
f 55 787 789
f 203 788 787
f 202 789 788
f 787 788 789
f 54 790 792
f 204 791 790
f 203 792 791
f 790 791 792
f 202 788 785
f 203 791 788
f 204 785 791
f 788 791 785
f 15 714 794
f 186 793 714
f 206 794 793
f 714 793 794
f 49 795 718
f 205 796 795
f 186 718 796
f 795 796 718
f 55 797 799
f 206 798 797
f 205 799 798
f 797 798 799
f 186 796 793
f 205 798 796
f 206 793 798
f 796 798 793
f 54 792 779
f 203 800 792
f 201 779 800
f 792 800 779
f 55 799 787
f 205 801 799
f 203 787 801
f 799 801 787
f 49 783 795
f 201 802 783
f 205 795 802
f 783 802 795
f 203 801 800
f 205 802 801
f 201 800 802
f 801 802 800
f 2 803 805
f 207 804 803
f 209 805 804
f 803 804 805
f 56 806 808
f 208 807 806
f 207 808 807
f 806 807 808
f 58 809 811
f 209 810 809
f 208 811 810
f 809 810 811
f 207 807 804
f 208 810 807
f 209 804 810
f 807 810 804
f 17 812 814
f 210 813 812
f 212 814 813
f 812 813 814
f 57 815 817
f 211 816 815
f 210 817 816
f 815 816 817
f 56 818 820
f 212 819 818
f 211 820 819
f 818 819 820
f 210 816 813
f 211 819 816
f 212 813 819
f 816 819 813
f 16 821 823
f 213 822 821
f 215 823 822
f 821 822 823
f 58 824 826
f 214 825 824
f 213 826 825
f 824 825 826
f 57 827 829
f 215 828 827
f 214 829 828
f 827 828 829
f 213 825 822
f 214 828 825
f 215 822 828
f 825 828 822
f 56 820 806
f 211 830 820
f 208 806 830
f 820 830 806
f 57 829 815
f 214 831 829
f 211 815 831
f 829 831 815
f 58 811 824
f 208 832 811
f 214 824 832
f 811 832 824
f 211 831 830
f 214 832 831
f 208 830 832
f 831 832 830
f 15 794 758
f 206 833 794
f 195 758 833
f 794 833 758
f 55 834 797
f 216 835 834
f 206 797 835
f 834 835 797
f 52 762 837
f 195 836 762
f 216 837 836
f 762 836 837
f 206 835 833
f 216 836 835
f 195 833 836
f 835 836 833
f 16 823 784
f 215 838 823
f 202 784 838
f 823 838 784
f 57 839 827
f 217 840 839
f 215 827 840
f 839 840 827
f 55 789 842
f 202 841 789
f 217 842 841
f 789 841 842
f 215 840 838
f 217 841 840
f 202 838 841
f 840 841 838
f 17 767 812
f 199 843 767
f 210 812 843
f 767 843 812
f 52 844 771
f 218 845 844
f 199 771 845
f 844 845 771
f 57 817 847
f 210 846 817
f 218 847 846
f 817 846 847
f 199 845 843
f 218 846 845
f 210 843 846
f 845 846 843
f 55 842 834
f 217 848 842
f 216 834 848
f 842 848 834
f 57 847 839
f 218 849 847
f 217 839 849
f 847 849 839
f 52 837 844
f 216 850 837
f 218 844 850
f 837 850 844
f 217 849 848
f 218 850 849
f 216 848 850
f 849 850 848
f 1 752 852
f 194 851 752
f 220 852 851
f 752 851 852
f 53 853 755
f 219 854 853
f 194 755 854
f 853 854 755
f 60 855 857
f 220 856 855
f 219 857 856
f 855 856 857
f 194 854 851
f 219 856 854
f 220 851 856
f 854 856 851
f 17 858 765
f 221 859 858
f 197 765 859
f 858 859 765
f 59 860 862
f 222 861 860
f 221 862 861
f 860 861 862
f 53 770 864
f 197 863 770
f 222 864 863
f 770 863 864
f 221 861 859
f 222 863 861
f 197 859 863
f 861 863 859
f 19 865 867
f 223 866 865
f 225 867 866
f 865 866 867
f 60 868 870
f 224 869 868
f 223 870 869
f 868 869 870
f 59 871 873
f 225 872 871
f 224 873 872
f 871 872 873
f 223 869 866
f 224 872 869
f 225 866 872
f 869 872 866
f 53 864 853
f 222 874 864
f 219 853 874
f 864 874 853
f 59 873 860
f 224 875 873
f 222 860 875
f 873 875 860
f 60 857 868
f 219 876 857
f 224 868 876
f 857 876 868
f 222 875 874
f 224 876 875
f 219 874 876
f 875 876 874
f 2 877 803
f 226 878 877
f 207 803 878
f 877 878 803
f 61 879 881
f 227 880 879
f 226 881 880
f 879 880 881
f 56 808 883
f 207 882 808
f 227 883 882
f 808 882 883
f 226 880 878
f 227 882 880
f 207 878 882
f 880 882 878
f 18 884 886
f 228 885 884
f 230 886 885
f 884 885 886
f 62 887 889
f 229 888 887
f 228 889 888
f 887 888 889
f 61 890 892
f 230 891 890
f 229 892 891
f 890 891 892
f 228 888 885
f 229 891 888
f 230 885 891
f 888 891 885
f 17 814 894
f 212 893 814
f 232 894 893
f 814 893 894
f 56 895 818
f 231 896 895
f 212 818 896
f 895 896 818
f 62 897 899
f 232 898 897
f 231 899 898
f 897 898 899
f 212 896 893
f 231 898 896
f 232 893 898
f 896 898 893
f 61 892 879
f 229 900 892
f 227 879 900
f 892 900 879
f 62 899 887
f 231 901 899
f 229 887 901
f 899 901 887
f 56 883 895
f 227 902 883
f 231 895 902
f 883 902 895
f 229 901 900
f 231 902 901
f 227 900 902
f 901 902 900
f 8 903 905
f 233 904 903
f 235 905 904
f 903 904 905
f 63 906 908
f 234 907 906
f 233 908 907
f 906 907 908
f 65 909 911
f 235 910 909
f 234 911 910
f 909 910 911
f 233 907 904
f 234 910 907
f 235 904 910
f 907 910 904
f 19 912 914
f 236 913 912
f 238 914 913
f 912 913 914
f 64 915 917
f 237 916 915
f 236 917 916
f 915 916 917
f 63 918 920
f 238 919 918
f 237 920 919
f 918 919 920
f 236 916 913
f 237 919 916
f 238 913 919
f 916 919 913
f 18 921 923
f 239 922 921
f 241 923 922
f 921 922 923
f 65 924 926
f 240 925 924
f 239 926 925
f 924 925 926
f 64 927 929
f 241 928 927
f 240 929 928
f 927 928 929
f 239 925 922
f 240 928 925
f 241 922 928
f 925 928 922
f 63 920 906
f 237 930 920
f 234 906 930
f 920 930 906
f 64 929 915
f 240 931 929
f 237 915 931
f 929 931 915
f 65 911 924
f 234 932 911
f 240 924 932
f 911 932 924
f 237 931 930
f 240 932 931
f 234 930 932
f 931 932 930
f 17 894 858
f 232 933 894
f 221 858 933
f 894 933 858
f 62 934 897
f 242 935 934
f 232 897 935
f 934 935 897
f 59 862 937
f 221 936 862
f 242 937 936
f 862 936 937
f 232 935 933
f 242 936 935
f 221 933 936
f 935 936 933
f 18 923 884
f 241 938 923
f 228 884 938
f 923 938 884
f 64 939 927
f 243 940 939
f 241 927 940
f 939 940 927
f 62 889 942
f 228 941 889
f 243 942 941
f 889 941 942
f 241 940 938
f 243 941 940
f 228 938 941
f 940 941 938
f 19 867 912
f 225 943 867
f 236 912 943
f 867 943 912
f 59 944 871
f 244 945 944
f 225 871 945
f 944 945 871
f 64 917 947
f 236 946 917
f 244 947 946
f 917 946 947
f 225 945 943
f 244 946 945
f 236 943 946
f 945 946 943
f 62 942 934
f 243 948 942
f 242 934 948
f 942 948 934
f 64 947 939
f 244 949 947
f 243 939 949
f 947 949 939
f 59 937 944
f 242 950 937
f 244 944 950
f 937 950 944
f 243 949 948
f 244 950 949
f 242 948 950
f 949 950 948
f 1 852 952
f 220 951 852
f 246 952 951
f 852 951 952
f 60 953 855
f 245 954 953
f 220 855 954
f 953 954 855
f 67 955 957
f 246 956 955
f 245 957 956
f 955 956 957
f 220 954 951
f 245 956 954
f 246 951 956
f 954 956 951
f 19 958 865
f 247 959 958
f 223 865 959
f 958 959 865
f 66 960 962
f 248 961 960
f 247 962 961
f 960 961 962
f 60 870 964
f 223 963 870
f 248 964 963
f 870 963 964
f 247 961 959
f 248 963 961
f 223 959 963
f 961 963 959
f 21 965 967
f 249 966 965
f 251 967 966
f 965 966 967
f 67 968 970
f 250 969 968
f 249 970 969
f 968 969 970
f 66 971 973
f 251 972 971
f 250 973 972
f 971 972 973
f 249 969 966
f 250 972 969
f 251 966 972
f 969 972 966
f 60 964 953
f 248 974 964
f 245 953 974
f 964 974 953
f 66 973 960
f 250 975 973
f 248 960 975
f 973 975 960
f 67 957 968
f 245 976 957
f 250 968 976
f 957 976 968
f 248 975 974
f 250 976 975
f 245 974 976
f 975 976 974
f 8 977 903
f 252 978 977
f 233 903 978
f 977 978 903
f 68 979 981
f 253 980 979
f 252 981 980
f 979 980 981
f 63 908 983
f 233 982 908
f 253 983 982
f 908 982 983
f 252 980 978
f 253 982 980
f 233 978 982
f 980 982 978
f 20 984 986
f 254 985 984
f 256 986 985
f 984 985 986
f 69 987 989
f 255 988 987
f 254 989 988
f 987 988 989
f 68 990 992
f 256 991 990
f 255 992 991
f 990 991 992
f 254 988 985
f 255 991 988
f 256 985 991
f 988 991 985
f 19 914 994
f 238 993 914
f 258 994 993
f 914 993 994
f 63 995 918
f 257 996 995
f 238 918 996
f 995 996 918
f 69 997 999
f 258 998 997
f 257 999 998
f 997 998 999
f 238 996 993
f 257 998 996
f 258 993 998
f 996 998 993
f 68 992 979
f 255 1000 992
f 253 979 1000
f 992 1000 979
f 69 999 987
f 257 1001 999
f 255 987 1001
f 999 1001 987
f 63 983 995
f 253 1002 983
f 257 995 1002
f 983 1002 995
f 255 1001 1000
f 257 1002 1001
f 253 1000 1002
f 1001 1002 1000
f 11 1003 1005
f 259 1004 1003
f 261 1005 1004
f 1003 1004 1005
f 70 1006 1008
f 260 1007 1006
f 259 1008 1007
f 1006 1007 1008
f 72 1009 1011
f 261 1010 1009
f 260 1011 1010
f 1009 1010 1011
f 259 1007 1004
f 260 1010 1007
f 261 1004 1010
f 1007 1010 1004
f 21 1012 1014
f 262 1013 1012
f 264 1014 1013
f 1012 1013 1014
f 71 1015 1017
f 263 1016 1015
f 262 1017 1016
f 1015 1016 1017
f 70 1018 1020
f 264 1019 1018
f 263 1020 1019
f 1018 1019 1020
f 262 1016 1013
f 263 1019 1016
f 264 1013 1019
f 1016 1019 1013
f 20 1021 1023
f 265 1022 1021
f 267 1023 1022
f 1021 1022 1023
f 72 1024 1026
f 266 1025 1024
f 265 1026 1025
f 1024 1025 1026
f 71 1027 1029
f 267 1028 1027
f 266 1029 1028
f 1027 1028 1029
f 265 1025 1022
f 266 1028 1025
f 267 1022 1028
f 1025 1028 1022
f 70 1020 1006
f 263 1030 1020
f 260 1006 1030
f 1020 1030 1006
f 71 1029 1015
f 266 1031 1029
f 263 1015 1031
f 1029 1031 1015
f 72 1011 1024
f 260 1032 1011
f 266 1024 1032
f 1011 1032 1024
f 263 1031 1030
f 266 1032 1031
f 260 1030 1032
f 1031 1032 1030
f 19 994 958
f 258 1033 994
f 247 958 1033
f 994 1033 958
f 69 1034 997
f 268 1035 1034
f 258 997 1035
f 1034 1035 997
f 66 962 1037
f 247 1036 962
f 268 1037 1036
f 962 1036 1037
f 258 1035 1033
f 268 1036 1035
f 247 1033 1036
f 1035 1036 1033
f 20 1023 984
f 267 1038 1023
f 254 984 1038
f 1023 1038 984
f 71 1039 1027
f 269 1040 1039
f 267 1027 1040
f 1039 1040 1027
f 69 989 1042
f 254 1041 989
f 269 1042 1041
f 989 1041 1042
f 267 1040 1038
f 269 1041 1040
f 254 1038 1041
f 1040 1041 1038
f 21 967 1012
f 251 1043 967
f 262 1012 1043
f 967 1043 1012
f 66 1044 971
f 270 1045 1044
f 251 971 1045
f 1044 1045 971
f 71 1017 1047
f 262 1046 1017
f 270 1047 1046
f 1017 1046 1047
f 251 1045 1043
f 270 1046 1045
f 262 1043 1046
f 1045 1046 1043
f 69 1042 1034
f 269 1048 1042
f 268 1034 1048
f 1042 1048 1034
f 71 1047 1039
f 270 1049 1047
f 269 1039 1049
f 1047 1049 1039
f 66 1037 1044
f 268 1050 1037
f 270 1044 1050
f 1037 1050 1044
f 269 1049 1048
f 270 1050 1049
f 268 1048 1050
f 1049 1050 1048
f 1 952 643
f 246 1051 952
f 163 643 1051
f 952 1051 643
f 67 1052 955
f 271 1053 1052
f 246 955 1053
f 1052 1053 955
f 43 648 1055
f 163 1054 648
f 271 1055 1054
f 648 1054 1055
f 246 1053 1051
f 271 1054 1053
f 163 1051 1054
f 1053 1054 1051
f 21 1056 965
f 272 1057 1056
f 249 965 1057
f 1056 1057 965
f 73 1058 1060
f 273 1059 1058
f 272 1060 1059
f 1058 1059 1060
f 67 970 1062
f 249 1061 970
f 273 1062 1061
f 970 1061 1062
f 272 1059 1057
f 273 1061 1059
f 249 1057 1061
f 1059 1061 1057
f 13 654 1064
f 168 1063 654
f 275 1064 1063
f 654 1063 1064
f 43 1065 658
f 274 1066 1065
f 168 658 1066
f 1065 1066 658
f 73 1067 1069
f 275 1068 1067
f 274 1069 1068
f 1067 1068 1069
f 168 1066 1063
f 274 1068 1066
f 275 1063 1068
f 1066 1068 1063
f 67 1062 1052
f 273 1070 1062
f 271 1052 1070
f 1062 1070 1052
f 73 1069 1058
f 274 1071 1069
f 273 1058 1071
f 1069 1071 1058
f 43 1055 1065
f 271 1072 1055
f 274 1065 1072
f 1055 1072 1065
f 273 1071 1070
f 274 1072 1071
f 271 1070 1072
f 1071 1072 1070
f 11 1073 1003
f 276 1074 1073
f 259 1003 1074
f 1073 1074 1003
f 74 1075 1077
f 277 1076 1075
f 276 1077 1076
f 1075 1076 1077
f 70 1008 1079
f 259 1078 1008
f 277 1079 1078
f 1008 1078 1079
f 276 1076 1074
f 277 1078 1076
f 259 1074 1078
f 1076 1078 1074
f 22 1080 1082
f 278 1081 1080
f 280 1082 1081
f 1080 1081 1082
f 75 1083 1085
f 279 1084 1083
f 278 1085 1084
f 1083 1084 1085
f 74 1086 1088
f 280 1087 1086
f 279 1088 1087
f 1086 1087 1088
f 278 1084 1081
f 279 1087 1084
f 280 1081 1087
f 1084 1087 1081
f 21 1014 1090
f 264 1089 1014
f 282 1090 1089
f 1014 1089 1090
f 70 1091 1018
f 281 1092 1091
f 264 1018 1092
f 1091 1092 1018
f 75 1093 1095
f 282 1094 1093
f 281 1095 1094
f 1093 1094 1095
f 264 1092 1089
f 281 1094 1092
f 282 1089 1094
f 1092 1094 1089
f 74 1088 1075
f 279 1096 1088
f 277 1075 1096
f 1088 1096 1075
f 75 1095 1083
f 281 1097 1095
f 279 1083 1097
f 1095 1097 1083
f 70 1079 1091
f 277 1098 1079
f 281 1091 1098
f 1079 1098 1091
f 279 1097 1096
f 281 1098 1097
f 277 1096 1098
f 1097 1098 1096
f 12 675 1100
f 174 1099 675
f 284 1100 1099
f 675 1099 1100
f 48 1101 679
f 283 1102 1101
f 174 679 1102
f 1101 1102 679
f 77 1103 1105
f 284 1104 1103
f 283 1105 1104
f 1103 1104 1105
f 174 1102 1099
f 283 1104 1102
f 284 1099 1104
f 1102 1104 1099
f 13 1106 691
f 285 1107 1106
f 178 691 1107
f 1106 1107 691
f 76 1108 1110
f 286 1109 1108
f 285 1110 1109
f 1108 1109 1110
f 48 696 1112
f 178 1111 696
f 286 1112 1111
f 696 1111 1112
f 285 1109 1107
f 286 1111 1109
f 178 1107 1111
f 1109 1111 1107
f 22 1113 1115
f 287 1114 1113
f 289 1115 1114
f 1113 1114 1115
f 77 1116 1118
f 288 1117 1116
f 287 1118 1117
f 1116 1117 1118
f 76 1119 1121
f 289 1120 1119
f 288 1121 1120
f 1119 1120 1121
f 287 1117 1114
f 288 1120 1117
f 289 1114 1120
f 1117 1120 1114
f 48 1112 1101
f 286 1122 1112
f 283 1101 1122
f 1112 1122 1101
f 76 1121 1108
f 288 1123 1121
f 286 1108 1123
f 1121 1123 1108
f 77 1105 1116
f 283 1124 1105
f 288 1116 1124
f 1105 1124 1116
f 286 1123 1122
f 288 1124 1123
f 283 1122 1124
f 1123 1124 1122
f 21 1090 1056
f 282 1125 1090
f 272 1056 1125
f 1090 1125 1056
f 75 1126 1093
f 290 1127 1126
f 282 1093 1127
f 1126 1127 1093
f 73 1060 1129
f 272 1128 1060
f 290 1129 1128
f 1060 1128 1129
f 282 1127 1125
f 290 1128 1127
f 272 1125 1128
f 1127 1128 1125
f 22 1115 1080
f 289 1130 1115
f 278 1080 1130
f 1115 1130 1080
f 76 1131 1119
f 291 1132 1131
f 289 1119 1132
f 1131 1132 1119
f 75 1085 1134
f 278 1133 1085
f 291 1134 1133
f 1085 1133 1134
f 289 1132 1130
f 291 1133 1132
f 278 1130 1133
f 1132 1133 1130
f 13 1064 1106
f 275 1135 1064
f 285 1106 1135
f 1064 1135 1106
f 73 1136 1067
f 292 1137 1136
f 275 1067 1137
f 1136 1137 1067
f 76 1110 1139
f 285 1138 1110
f 292 1139 1138
f 1110 1138 1139
f 275 1137 1135
f 292 1138 1137
f 285 1135 1138
f 1137 1138 1135
f 75 1134 1126
f 291 1140 1134
f 290 1126 1140
f 1134 1140 1126
f 76 1139 1131
f 292 1141 1139
f 291 1131 1141
f 1139 1141 1131
f 73 1129 1136
f 290 1142 1129
f 292 1136 1142
f 1129 1142 1136
f 291 1141 1140
f 292 1142 1141
f 290 1140 1142
f 1141 1142 1140
f 2 805 1144
f 209 1143 805
f 294 1144 1143
f 805 1143 1144
f 58 1145 809
f 293 1146 1145
f 209 809 1146
f 1145 1146 809
f 79 1147 1149
f 294 1148 1147
f 293 1149 1148
f 1147 1148 1149
f 209 1146 1143
f 293 1148 1146
f 294 1143 1148
f 1146 1148 1143
f 16 1150 821
f 295 1151 1150
f 213 821 1151
f 1150 1151 821
f 78 1152 1154
f 296 1153 1152
f 295 1154 1153
f 1152 1153 1154
f 58 826 1156
f 213 1155 826
f 296 1156 1155
f 826 1155 1156
f 295 1153 1151
f 296 1155 1153
f 213 1151 1155
f 1153 1155 1151
f 24 1157 1159
f 297 1158 1157
f 299 1159 1158
f 1157 1158 1159
f 79 1160 1162
f 298 1161 1160
f 297 1162 1161
f 1160 1161 1162
f 78 1163 1165
f 299 1164 1163
f 298 1165 1164
f 1163 1164 1165
f 297 1161 1158
f 298 1164 1161
f 299 1158 1164
f 1161 1164 1158
f 58 1156 1145
f 296 1166 1156
f 293 1145 1166
f 1156 1166 1145
f 78 1165 1152
f 298 1167 1165
f 296 1152 1167
f 1165 1167 1152
f 79 1149 1160
f 293 1168 1149
f 298 1160 1168
f 1149 1168 1160
f 296 1167 1166
f 298 1168 1167
f 293 1166 1168
f 1167 1168 1166
f 6 1169 777
f 300 1170 1169
f 200 777 1170
f 1169 1170 777
f 80 1171 1173
f 301 1172 1171
f 300 1173 1172
f 1171 1172 1173
f 54 781 1175
f 200 1174 781
f 301 1175 1174
f 781 1174 1175
f 300 1172 1170
f 301 1174 1172
f 200 1170 1174
f 1172 1174 1170
f 23 1176 1178
f 302 1177 1176
f 304 1178 1177
f 1176 1177 1178
f 81 1179 1181
f 303 1180 1179
f 302 1181 1180
f 1179 1180 1181
f 80 1182 1184
f 304 1183 1182
f 303 1184 1183
f 1182 1183 1184
f 302 1180 1177
f 303 1183 1180
f 304 1177 1183
f 1180 1183 1177
f 16 786 1186
f 204 1185 786
f 306 1186 1185
f 786 1185 1186
f 54 1187 790
f 305 1188 1187
f 204 790 1188
f 1187 1188 790
f 81 1189 1191
f 306 1190 1189
f 305 1191 1190
f 1189 1190 1191
f 204 1188 1185
f 305 1190 1188
f 306 1185 1190
f 1188 1190 1185
f 80 1184 1171
f 303 1192 1184
f 301 1171 1192
f 1184 1192 1171
f 81 1191 1179
f 305 1193 1191
f 303 1179 1193
f 1191 1193 1179
f 54 1175 1187
f 301 1194 1175
f 305 1187 1194
f 1175 1194 1187
f 303 1193 1192
f 305 1194 1193
f 301 1192 1194
f 1193 1194 1192
f 10 1195 1197
f 307 1196 1195
f 309 1197 1196
f 1195 1196 1197
f 82 1198 1200
f 308 1199 1198
f 307 1200 1199
f 1198 1199 1200
f 84 1201 1203
f 309 1202 1201
f 308 1203 1202
f 1201 1202 1203
f 307 1199 1196
f 308 1202 1199
f 309 1196 1202
f 1199 1202 1196
f 24 1204 1206
f 310 1205 1204
f 312 1206 1205
f 1204 1205 1206
f 83 1207 1209
f 311 1208 1207
f 310 1209 1208
f 1207 1208 1209
f 82 1210 1212
f 312 1211 1210
f 311 1212 1211
f 1210 1211 1212
f 310 1208 1205
f 311 1211 1208
f 312 1205 1211
f 1208 1211 1205
f 23 1213 1215
f 313 1214 1213
f 315 1215 1214
f 1213 1214 1215
f 84 1216 1218
f 314 1217 1216
f 313 1218 1217
f 1216 1217 1218
f 83 1219 1221
f 315 1220 1219
f 314 1221 1220
f 1219 1220 1221
f 313 1217 1214
f 314 1220 1217
f 315 1214 1220
f 1217 1220 1214
f 82 1212 1198
f 311 1222 1212
f 308 1198 1222
f 1212 1222 1198
f 83 1221 1207
f 314 1223 1221
f 311 1207 1223
f 1221 1223 1207
f 84 1203 1216
f 308 1224 1203
f 314 1216 1224
f 1203 1224 1216
f 311 1223 1222
f 314 1224 1223
f 308 1222 1224
f 1223 1224 1222
f 16 1186 1150
f 306 1225 1186
f 295 1150 1225
f 1186 1225 1150
f 81 1226 1189
f 316 1227 1226
f 306 1189 1227
f 1226 1227 1189
f 78 1154 1229
f 295 1228 1154
f 316 1229 1228
f 1154 1228 1229
f 306 1227 1225
f 316 1228 1227
f 295 1225 1228
f 1227 1228 1225
f 23 1215 1176
f 315 1230 1215
f 302 1176 1230
f 1215 1230 1176
f 83 1231 1219
f 317 1232 1231
f 315 1219 1232
f 1231 1232 1219
f 81 1181 1234
f 302 1233 1181
f 317 1234 1233
f 1181 1233 1234
f 315 1232 1230
f 317 1233 1232
f 302 1230 1233
f 1232 1233 1230
f 24 1159 1204
f 299 1235 1159
f 310 1204 1235
f 1159 1235 1204
f 78 1236 1163
f 318 1237 1236
f 299 1163 1237
f 1236 1237 1163
f 83 1209 1239
f 310 1238 1209
f 318 1239 1238
f 1209 1238 1239
f 299 1237 1235
f 318 1238 1237
f 310 1235 1238
f 1237 1238 1235
f 81 1234 1226
f 317 1240 1234
f 316 1226 1240
f 1234 1240 1226
f 83 1239 1231
f 318 1241 1239
f 317 1231 1241
f 1239 1241 1231
f 78 1229 1236
f 316 1242 1229
f 318 1236 1242
f 1229 1242 1236
f 317 1241 1240
f 318 1242 1241
f 316 1240 1242
f 1241 1242 1240
f 6 705 1244
f 183 1243 705
f 320 1244 1243
f 705 1243 1244
f 51 1245 709
f 319 1246 1245
f 183 709 1246
f 1245 1246 709
f 86 1247 1249
f 320 1248 1247
f 319 1249 1248
f 1247 1248 1249
f 183 1246 1243
f 319 1248 1246
f 320 1243 1248
f 1246 1248 1243
f 14 1250 721
f 321 1251 1250
f 187 721 1251
f 1250 1251 721
f 85 1252 1254
f 322 1253 1252
f 321 1254 1253
f 1252 1253 1254
f 51 726 1256
f 187 1255 726
f 322 1256 1255
f 726 1255 1256
f 321 1253 1251
f 322 1255 1253
f 187 1251 1255
f 1253 1255 1251
f 26 1257 1259
f 323 1258 1257
f 325 1259 1258
f 1257 1258 1259
f 86 1260 1262
f 324 1261 1260
f 323 1262 1261
f 1260 1261 1262
f 85 1263 1265
f 325 1264 1263
f 324 1265 1264
f 1263 1264 1265
f 323 1261 1258
f 324 1264 1261
f 325 1258 1264
f 1261 1264 1258
f 51 1256 1245
f 322 1266 1256
f 319 1245 1266
f 1256 1266 1245
f 85 1265 1252
f 324 1267 1265
f 322 1252 1267
f 1265 1267 1252
f 86 1249 1260
f 319 1268 1249
f 324 1260 1268
f 1249 1268 1260
f 322 1267 1266
f 324 1268 1267
f 319 1266 1268
f 1267 1268 1266
f 12 1269 673
f 326 1270 1269
f 172 673 1270
f 1269 1270 673
f 87 1271 1273
f 327 1272 1271
f 326 1273 1272
f 1271 1272 1273
f 46 678 1275
f 172 1274 678
f 327 1275 1274
f 678 1274 1275
f 326 1272 1270
f 327 1274 1272
f 172 1270 1274
f 1272 1274 1270
f 25 1276 1278
f 328 1277 1276
f 330 1278 1277
f 1276 1277 1278
f 88 1279 1281
f 329 1280 1279
f 328 1281 1280
f 1279 1280 1281
f 87 1282 1284
f 330 1283 1282
f 329 1284 1283
f 1282 1283 1284
f 328 1280 1277
f 329 1283 1280
f 330 1277 1283
f 1280 1283 1277
f 14 684 1286
f 177 1285 684
f 332 1286 1285
f 684 1285 1286
f 46 1287 688
f 331 1288 1287
f 177 688 1288
f 1287 1288 688
f 88 1289 1291
f 332 1290 1289
f 331 1291 1290
f 1289 1290 1291
f 177 1288 1285
f 331 1290 1288
f 332 1285 1290
f 1288 1290 1285
f 87 1284 1271
f 329 1292 1284
f 327 1271 1292
f 1284 1292 1271
f 88 1291 1279
f 331 1293 1291
f 329 1279 1293
f 1291 1293 1279
f 46 1275 1287
f 327 1294 1275
f 331 1287 1294
f 1275 1294 1287
f 329 1293 1292
f 331 1294 1293
f 327 1292 1294
f 1293 1294 1292
f 5 1295 1297
f 333 1296 1295
f 335 1297 1296
f 1295 1296 1297
f 89 1298 1300
f 334 1299 1298
f 333 1300 1299
f 1298 1299 1300
f 91 1301 1303
f 335 1302 1301
f 334 1303 1302
f 1301 1302 1303
f 333 1299 1296
f 334 1302 1299
f 335 1296 1302
f 1299 1302 1296
f 26 1304 1306
f 336 1305 1304
f 338 1306 1305
f 1304 1305 1306
f 90 1307 1309
f 337 1308 1307
f 336 1309 1308
f 1307 1308 1309
f 89 1310 1312
f 338 1311 1310
f 337 1312 1311
f 1310 1311 1312
f 336 1308 1305
f 337 1311 1308
f 338 1305 1311
f 1308 1311 1305
f 25 1313 1315
f 339 1314 1313
f 341 1315 1314
f 1313 1314 1315
f 91 1316 1318
f 340 1317 1316
f 339 1318 1317
f 1316 1317 1318
f 90 1319 1321
f 341 1320 1319
f 340 1321 1320
f 1319 1320 1321
f 339 1317 1314
f 340 1320 1317
f 341 1314 1320
f 1317 1320 1314
f 89 1312 1298
f 337 1322 1312
f 334 1298 1322
f 1312 1322 1298
f 90 1321 1307
f 340 1323 1321
f 337 1307 1323
f 1321 1323 1307
f 91 1303 1316
f 334 1324 1303
f 340 1316 1324
f 1303 1324 1316
f 337 1323 1322
f 340 1324 1323
f 334 1322 1324
f 1323 1324 1322
f 14 1286 1250
f 332 1325 1286
f 321 1250 1325
f 1286 1325 1250
f 88 1326 1289
f 342 1327 1326
f 332 1289 1327
f 1326 1327 1289
f 85 1254 1329
f 321 1328 1254
f 342 1329 1328
f 1254 1328 1329
f 332 1327 1325
f 342 1328 1327
f 321 1325 1328
f 1327 1328 1325
f 25 1315 1276
f 341 1330 1315
f 328 1276 1330
f 1315 1330 1276
f 90 1331 1319
f 343 1332 1331
f 341 1319 1332
f 1331 1332 1319
f 88 1281 1334
f 328 1333 1281
f 343 1334 1333
f 1281 1333 1334
f 341 1332 1330
f 343 1333 1332
f 328 1330 1333
f 1332 1333 1330
f 26 1259 1304
f 325 1335 1259
f 336 1304 1335
f 1259 1335 1304
f 85 1336 1263
f 344 1337 1336
f 325 1263 1337
f 1336 1337 1263
f 90 1309 1339
f 336 1338 1309
f 344 1339 1338
f 1309 1338 1339
f 325 1337 1335
f 344 1338 1337
f 336 1335 1338
f 1337 1338 1335
f 88 1334 1326
f 343 1340 1334
f 342 1326 1340
f 1334 1340 1326
f 90 1339 1331
f 344 1341 1339
f 343 1331 1341
f 1339 1341 1331
f 85 1329 1336
f 342 1342 1329
f 344 1336 1342
f 1329 1342 1336
f 343 1341 1340
f 344 1342 1341
f 342 1340 1342
f 1341 1342 1340
f 12 1100 1344
f 284 1343 1100
f 346 1344 1343
f 1100 1343 1344
f 77 1345 1103
f 345 1346 1345
f 284 1103 1346
f 1345 1346 1103
f 93 1347 1349
f 346 1348 1347
f 345 1349 1348
f 1347 1348 1349
f 284 1346 1343
f 345 1348 1346
f 346 1343 1348
f 1346 1348 1343
f 22 1350 1113
f 347 1351 1350
f 287 1113 1351
f 1350 1351 1113
f 92 1352 1354
f 348 1353 1352
f 347 1354 1353
f 1352 1353 1354
f 77 1118 1356
f 287 1355 1118
f 348 1356 1355
f 1118 1355 1356
f 347 1353 1351
f 348 1355 1353
f 287 1351 1355
f 1353 1355 1351
f 28 1357 1359
f 349 1358 1357
f 351 1359 1358
f 1357 1358 1359
f 93 1360 1362
f 350 1361 1360
f 349 1362 1361
f 1360 1361 1362
f 92 1363 1365
f 351 1364 1363
f 350 1365 1364
f 1363 1364 1365
f 349 1361 1358
f 350 1364 1361
f 351 1358 1364
f 1361 1364 1358
f 77 1356 1345
f 348 1366 1356
f 345 1345 1366
f 1356 1366 1345
f 92 1365 1352
f 350 1367 1365
f 348 1352 1367
f 1365 1367 1352
f 93 1349 1360
f 345 1368 1349
f 350 1360 1368
f 1349 1368 1360
f 348 1367 1366
f 350 1368 1367
f 345 1366 1368
f 1367 1368 1366
f 11 1369 1073
f 352 1370 1369
f 276 1073 1370
f 1369 1370 1073
f 94 1371 1373
f 353 1372 1371
f 352 1373 1372
f 1371 1372 1373
f 74 1077 1375
f 276 1374 1077
f 353 1375 1374
f 1077 1374 1375
f 352 1372 1370
f 353 1374 1372
f 276 1370 1374
f 1372 1374 1370
f 27 1376 1378
f 354 1377 1376
f 356 1378 1377
f 1376 1377 1378
f 95 1379 1381
f 355 1380 1379
f 354 1381 1380
f 1379 1380 1381
f 94 1382 1384
f 356 1383 1382
f 355 1384 1383
f 1382 1383 1384
f 354 1380 1377
f 355 1383 1380
f 356 1377 1383
f 1380 1383 1377
f 22 1082 1386
f 280 1385 1082
f 358 1386 1385
f 1082 1385 1386
f 74 1387 1086
f 357 1388 1387
f 280 1086 1388
f 1387 1388 1086
f 95 1389 1391
f 358 1390 1389
f 357 1391 1390
f 1389 1390 1391
f 280 1388 1385
f 357 1390 1388
f 358 1385 1390
f 1388 1390 1385
f 94 1384 1371
f 355 1392 1384
f 353 1371 1392
f 1384 1392 1371
f 95 1391 1379
f 357 1393 1391
f 355 1379 1393
f 1391 1393 1379
f 74 1375 1387
f 353 1394 1375
f 357 1387 1394
f 1375 1394 1387
f 355 1393 1392
f 357 1394 1393
f 353 1392 1394
f 1393 1394 1392
f 3 1395 1397
f 359 1396 1395
f 361 1397 1396
f 1395 1396 1397
f 96 1398 1400
f 360 1399 1398
f 359 1400 1399
f 1398 1399 1400
f 98 1401 1403
f 361 1402 1401
f 360 1403 1402
f 1401 1402 1403
f 359 1399 1396
f 360 1402 1399
f 361 1396 1402
f 1399 1402 1396
f 28 1404 1406
f 362 1405 1404
f 364 1406 1405
f 1404 1405 1406
f 97 1407 1409
f 363 1408 1407
f 362 1409 1408
f 1407 1408 1409
f 96 1410 1412
f 364 1411 1410
f 363 1412 1411
f 1410 1411 1412
f 362 1408 1405
f 363 1411 1408
f 364 1405 1411
f 1408 1411 1405
f 27 1413 1415
f 365 1414 1413
f 367 1415 1414
f 1413 1414 1415
f 98 1416 1418
f 366 1417 1416
f 365 1418 1417
f 1416 1417 1418
f 97 1419 1421
f 367 1420 1419
f 366 1421 1420
f 1419 1420 1421
f 365 1417 1414
f 366 1420 1417
f 367 1414 1420
f 1417 1420 1414
f 96 1412 1398
f 363 1422 1412
f 360 1398 1422
f 1412 1422 1398
f 97 1421 1407
f 366 1423 1421
f 363 1407 1423
f 1421 1423 1407
f 98 1403 1416
f 360 1424 1403
f 366 1416 1424
f 1403 1424 1416
f 363 1423 1422
f 366 1424 1423
f 360 1422 1424
f 1423 1424 1422
f 22 1386 1350
f 358 1425 1386
f 347 1350 1425
f 1386 1425 1350
f 95 1426 1389
f 368 1427 1426
f 358 1389 1427
f 1426 1427 1389
f 92 1354 1429
f 347 1428 1354
f 368 1429 1428
f 1354 1428 1429
f 358 1427 1425
f 368 1428 1427
f 347 1425 1428
f 1427 1428 1425
f 27 1415 1376
f 367 1430 1415
f 354 1376 1430
f 1415 1430 1376
f 97 1431 1419
f 369 1432 1431
f 367 1419 1432
f 1431 1432 1419
f 95 1381 1434
f 354 1433 1381
f 369 1434 1433
f 1381 1433 1434
f 367 1432 1430
f 369 1433 1432
f 354 1430 1433
f 1432 1433 1430
f 28 1359 1404
f 351 1435 1359
f 362 1404 1435
f 1359 1435 1404
f 92 1436 1363
f 370 1437 1436
f 351 1363 1437
f 1436 1437 1363
f 97 1409 1439
f 362 1438 1409
f 370 1439 1438
f 1409 1438 1439
f 351 1437 1435
f 370 1438 1437
f 362 1435 1438
f 1437 1438 1435
f 95 1434 1426
f 369 1440 1434
f 368 1426 1440
f 1434 1440 1426
f 97 1439 1431
f 370 1441 1439
f 369 1431 1441
f 1439 1441 1431
f 92 1429 1436
f 368 1442 1429
f 370 1436 1442
f 1429 1442 1436
f 369 1441 1440
f 370 1442 1441
f 368 1440 1442
f 1441 1442 1440
f 11 1005 1444
f 261 1443 1005
f 372 1444 1443
f 1005 1443 1444
f 72 1445 1009
f 371 1446 1445
f 261 1009 1446
f 1445 1446 1009
f 100 1447 1449
f 372 1448 1447
f 371 1449 1448
f 1447 1448 1449
f 261 1446 1443
f 371 1448 1446
f 372 1443 1448
f 1446 1448 1443
f 20 1450 1021
f 373 1451 1450
f 265 1021 1451
f 1450 1451 1021
f 99 1452 1454
f 374 1453 1452
f 373 1454 1453
f 1452 1453 1454
f 72 1026 1456
f 265 1455 1026
f 374 1456 1455
f 1026 1455 1456
f 373 1453 1451
f 374 1455 1453
f 265 1451 1455
f 1453 1455 1451
f 30 1457 1459
f 375 1458 1457
f 377 1459 1458
f 1457 1458 1459
f 100 1460 1462
f 376 1461 1460
f 375 1462 1461
f 1460 1461 1462
f 99 1463 1465
f 377 1464 1463
f 376 1465 1464
f 1463 1464 1465
f 375 1461 1458
f 376 1464 1461
f 377 1458 1464
f 1461 1464 1458
f 72 1456 1445
f 374 1466 1456
f 371 1445 1466
f 1456 1466 1445
f 99 1465 1452
f 376 1467 1465
f 374 1452 1467
f 1465 1467 1452
f 100 1449 1460
f 371 1468 1449
f 376 1460 1468
f 1449 1468 1460
f 374 1467 1466
f 376 1468 1467
f 371 1466 1468
f 1467 1468 1466
f 8 1469 977
f 378 1470 1469
f 252 977 1470
f 1469 1470 977
f 101 1471 1473
f 379 1472 1471
f 378 1473 1472
f 1471 1472 1473
f 68 981 1475
f 252 1474 981
f 379 1475 1474
f 981 1474 1475
f 378 1472 1470
f 379 1474 1472
f 252 1470 1474
f 1472 1474 1470
f 29 1476 1478
f 380 1477 1476
f 382 1478 1477
f 1476 1477 1478
f 102 1479 1481
f 381 1480 1479
f 380 1481 1480
f 1479 1480 1481
f 101 1482 1484
f 382 1483 1482
f 381 1484 1483
f 1482 1483 1484
f 380 1480 1477
f 381 1483 1480
f 382 1477 1483
f 1480 1483 1477
f 20 986 1486
f 256 1485 986
f 384 1486 1485
f 986 1485 1486
f 68 1487 990
f 383 1488 1487
f 256 990 1488
f 1487 1488 990
f 102 1489 1491
f 384 1490 1489
f 383 1491 1490
f 1489 1490 1491
f 256 1488 1485
f 383 1490 1488
f 384 1485 1490
f 1488 1490 1485
f 101 1484 1471
f 381 1492 1484
f 379 1471 1492
f 1484 1492 1471
f 102 1491 1479
f 383 1493 1491
f 381 1479 1493
f 1491 1493 1479
f 68 1475 1487
f 379 1494 1475
f 383 1487 1494
f 1475 1494 1487
f 381 1493 1492
f 383 1494 1493
f 379 1492 1494
f 1493 1494 1492
f 7 1495 1497
f 385 1496 1495
f 387 1497 1496
f 1495 1496 1497
f 103 1498 1500
f 386 1499 1498
f 385 1500 1499
f 1498 1499 1500
f 105 1501 1503
f 387 1502 1501
f 386 1503 1502
f 1501 1502 1503
f 385 1499 1496
f 386 1502 1499
f 387 1496 1502
f 1499 1502 1496
f 30 1504 1506
f 388 1505 1504
f 390 1506 1505
f 1504 1505 1506
f 104 1507 1509
f 389 1508 1507
f 388 1509 1508
f 1507 1508 1509
f 103 1510 1512
f 390 1511 1510
f 389 1512 1511
f 1510 1511 1512
f 388 1508 1505
f 389 1511 1508
f 390 1505 1511
f 1508 1511 1505
f 29 1513 1515
f 391 1514 1513
f 393 1515 1514
f 1513 1514 1515
f 105 1516 1518
f 392 1517 1516
f 391 1518 1517
f 1516 1517 1518
f 104 1519 1521
f 393 1520 1519
f 392 1521 1520
f 1519 1520 1521
f 391 1517 1514
f 392 1520 1517
f 393 1514 1520
f 1517 1520 1514
f 103 1512 1498
f 389 1522 1512
f 386 1498 1522
f 1512 1522 1498
f 104 1521 1507
f 392 1523 1521
f 389 1507 1523
f 1521 1523 1507
f 105 1503 1516
f 386 1524 1503
f 392 1516 1524
f 1503 1524 1516
f 389 1523 1522
f 392 1524 1523
f 386 1522 1524
f 1523 1524 1522
f 20 1486 1450
f 384 1525 1486
f 373 1450 1525
f 1486 1525 1450
f 102 1526 1489
f 394 1527 1526
f 384 1489 1527
f 1526 1527 1489
f 99 1454 1529
f 373 1528 1454
f 394 1529 1528
f 1454 1528 1529
f 384 1527 1525
f 394 1528 1527
f 373 1525 1528
f 1527 1528 1525
f 29 1515 1476
f 393 1530 1515
f 380 1476 1530
f 1515 1530 1476
f 104 1531 1519
f 395 1532 1531
f 393 1519 1532
f 1531 1532 1519
f 102 1481 1534
f 380 1533 1481
f 395 1534 1533
f 1481 1533 1534
f 393 1532 1530
f 395 1533 1532
f 380 1530 1533
f 1532 1533 1530
f 30 1459 1504
f 377 1535 1459
f 388 1504 1535
f 1459 1535 1504
f 99 1536 1463
f 396 1537 1536
f 377 1463 1537
f 1536 1537 1463
f 104 1509 1539
f 388 1538 1509
f 396 1539 1538
f 1509 1538 1539
f 377 1537 1535
f 396 1538 1537
f 388 1535 1538
f 1537 1538 1535
f 102 1534 1526
f 395 1540 1534
f 394 1526 1540
f 1534 1540 1526
f 104 1539 1531
f 396 1541 1539
f 395 1531 1541
f 1539 1541 1531
f 99 1529 1536
f 394 1542 1529
f 396 1536 1542
f 1529 1542 1536
f 395 1541 1540
f 396 1542 1541
f 394 1540 1542
f 1541 1542 1540
f 8 905 1544
f 235 1543 905
f 398 1544 1543
f 905 1543 1544
f 65 1545 909
f 397 1546 1545
f 235 909 1546
f 1545 1546 909
f 107 1547 1549
f 398 1548 1547
f 397 1549 1548
f 1547 1548 1549
f 235 1546 1543
f 397 1548 1546
f 398 1543 1548
f 1546 1548 1543
f 18 1550 921
f 399 1551 1550
f 239 921 1551
f 1550 1551 921
f 106 1552 1554
f 400 1553 1552
f 399 1554 1553
f 1552 1553 1554
f 65 926 1556
f 239 1555 926
f 400 1556 1555
f 926 1555 1556
f 399 1553 1551
f 400 1555 1553
f 239 1551 1555
f 1553 1555 1551
f 32 1557 1559
f 401 1558 1557
f 403 1559 1558
f 1557 1558 1559
f 107 1560 1562
f 402 1561 1560
f 401 1562 1561
f 1560 1561 1562
f 106 1563 1565
f 403 1564 1563
f 402 1565 1564
f 1563 1564 1565
f 401 1561 1558
f 402 1564 1561
f 403 1558 1564
f 1561 1564 1558
f 65 1556 1545
f 400 1566 1556
f 397 1545 1566
f 1556 1566 1545
f 106 1565 1552
f 402 1567 1565
f 400 1552 1567
f 1565 1567 1552
f 107 1549 1560
f 397 1568 1549
f 402 1560 1568
f 1549 1568 1560
f 400 1567 1566
f 402 1568 1567
f 397 1566 1568
f 1567 1568 1566
f 2 1569 877
f 404 1570 1569
f 226 877 1570
f 1569 1570 877
f 108 1571 1573
f 405 1572 1571
f 404 1573 1572
f 1571 1572 1573
f 61 881 1575
f 226 1574 881
f 405 1575 1574
f 881 1574 1575
f 404 1572 1570
f 405 1574 1572
f 226 1570 1574
f 1572 1574 1570
f 31 1576 1578
f 406 1577 1576
f 408 1578 1577
f 1576 1577 1578
f 109 1579 1581
f 407 1580 1579
f 406 1581 1580
f 1579 1580 1581
f 108 1582 1584
f 408 1583 1582
f 407 1584 1583
f 1582 1583 1584
f 406 1580 1577
f 407 1583 1580
f 408 1577 1583
f 1580 1583 1577
f 18 886 1586
f 230 1585 886
f 410 1586 1585
f 886 1585 1586
f 61 1587 890
f 409 1588 1587
f 230 890 1588
f 1587 1588 890
f 109 1589 1591
f 410 1590 1589
f 409 1591 1590
f 1589 1590 1591
f 230 1588 1585
f 409 1590 1588
f 410 1585 1590
f 1588 1590 1585
f 108 1584 1571
f 407 1592 1584
f 405 1571 1592
f 1584 1592 1571
f 109 1591 1579
f 409 1593 1591
f 407 1579 1593
f 1591 1593 1579
f 61 1575 1587
f 405 1594 1575
f 409 1587 1594
f 1575 1594 1587
f 407 1593 1592
f 409 1594 1593
f 405 1592 1594
f 1593 1594 1592
f 9 1595 1597
f 411 1596 1595
f 413 1597 1596
f 1595 1596 1597
f 110 1598 1600
f 412 1599 1598
f 411 1600 1599
f 1598 1599 1600
f 112 1601 1603
f 413 1602 1601
f 412 1603 1602
f 1601 1602 1603
f 411 1599 1596
f 412 1602 1599
f 413 1596 1602
f 1599 1602 1596
f 32 1604 1606
f 414 1605 1604
f 416 1606 1605
f 1604 1605 1606
f 111 1607 1609
f 415 1608 1607
f 414 1609 1608
f 1607 1608 1609
f 110 1610 1612
f 416 1611 1610
f 415 1612 1611
f 1610 1611 1612
f 414 1608 1605
f 415 1611 1608
f 416 1605 1611
f 1608 1611 1605
f 31 1613 1615
f 417 1614 1613
f 419 1615 1614
f 1613 1614 1615
f 112 1616 1618
f 418 1617 1616
f 417 1618 1617
f 1616 1617 1618
f 111 1619 1621
f 419 1620 1619
f 418 1621 1620
f 1619 1620 1621
f 417 1617 1614
f 418 1620 1617
f 419 1614 1620
f 1617 1620 1614
f 110 1612 1598
f 415 1622 1612
f 412 1598 1622
f 1612 1622 1598
f 111 1621 1607
f 418 1623 1621
f 415 1607 1623
f 1621 1623 1607
f 112 1603 1616
f 412 1624 1603
f 418 1616 1624
f 1603 1624 1616
f 415 1623 1622
f 418 1624 1623
f 412 1622 1624
f 1623 1624 1622
f 18 1586 1550
f 410 1625 1586
f 399 1550 1625
f 1586 1625 1550
f 109 1626 1589
f 420 1627 1626
f 410 1589 1627
f 1626 1627 1589
f 106 1554 1629
f 399 1628 1554
f 420 1629 1628
f 1554 1628 1629
f 410 1627 1625
f 420 1628 1627
f 399 1625 1628
f 1627 1628 1625
f 31 1615 1576
f 419 1630 1615
f 406 1576 1630
f 1615 1630 1576
f 111 1631 1619
f 421 1632 1631
f 419 1619 1632
f 1631 1632 1619
f 109 1581 1634
f 406 1633 1581
f 421 1634 1633
f 1581 1633 1634
f 419 1632 1630
f 421 1633 1632
f 406 1630 1633
f 1632 1633 1630
f 32 1559 1604
f 403 1635 1559
f 414 1604 1635
f 1559 1635 1604
f 106 1636 1563
f 422 1637 1636
f 403 1563 1637
f 1636 1637 1563
f 111 1609 1639
f 414 1638 1609
f 422 1639 1638
f 1609 1638 1639
f 403 1637 1635
f 422 1638 1637
f 414 1635 1638
f 1637 1638 1635
f 109 1634 1626
f 421 1640 1634
f 420 1626 1640
f 1634 1640 1626
f 111 1639 1631
f 422 1641 1639
f 421 1631 1641
f 1639 1641 1631
f 106 1629 1636
f 420 1642 1629
f 422 1636 1642
f 1629 1642 1636
f 421 1641 1640
f 422 1642 1641
f 420 1640 1642
f 1641 1642 1640
f 4 1643 1645
f 423 1644 1643
f 425 1645 1644
f 1643 1644 1645
f 113 1646 1648
f 424 1647 1646
f 423 1648 1647
f 1646 1647 1648
f 115 1649 1651
f 425 1650 1649
f 424 1651 1650
f 1649 1650 1651
f 423 1647 1644
f 424 1650 1647
f 425 1644 1650
f 1647 1650 1644
f 33 1652 1654
f 426 1653 1652
f 428 1654 1653
f 1652 1653 1654
f 114 1655 1657
f 427 1656 1655
f 426 1657 1656
f 1655 1656 1657
f 113 1658 1660
f 428 1659 1658
f 427 1660 1659
f 1658 1659 1660
f 426 1656 1653
f 427 1659 1656
f 428 1653 1659
f 1656 1659 1653
f 35 1661 1663
f 429 1662 1661
f 431 1663 1662
f 1661 1662 1663
f 115 1664 1666
f 430 1665 1664
f 429 1666 1665
f 1664 1665 1666
f 114 1667 1669
f 431 1668 1667
f 430 1669 1668
f 1667 1668 1669
f 429 1665 1662
f 430 1668 1665
f 431 1662 1668
f 1665 1668 1662
f 113 1660 1646
f 427 1670 1660
f 424 1646 1670
f 1660 1670 1646
f 114 1669 1655
f 430 1671 1669
f 427 1655 1671
f 1669 1671 1655
f 115 1651 1664
f 424 1672 1651
f 430 1664 1672
f 1651 1672 1664
f 427 1671 1670
f 430 1672 1671
f 424 1670 1672
f 1671 1672 1670
f 10 1673 1675
f 432 1674 1673
f 434 1675 1674
f 1673 1674 1675
f 116 1676 1678
f 433 1677 1676
f 432 1678 1677
f 1676 1677 1678
f 118 1679 1681
f 434 1680 1679
f 433 1681 1680
f 1679 1680 1681
f 432 1677 1674
f 433 1680 1677
f 434 1674 1680
f 1677 1680 1674
f 34 1682 1684
f 435 1683 1682
f 437 1684 1683
f 1682 1683 1684
f 117 1685 1687
f 436 1686 1685
f 435 1687 1686
f 1685 1686 1687
f 116 1688 1690
f 437 1689 1688
f 436 1690 1689
f 1688 1689 1690
f 435 1686 1683
f 436 1689 1686
f 437 1683 1689
f 1686 1689 1683
f 33 1691 1693
f 438 1692 1691
f 440 1693 1692
f 1691 1692 1693
f 118 1694 1696
f 439 1695 1694
f 438 1696 1695
f 1694 1695 1696
f 117 1697 1699
f 440 1698 1697
f 439 1699 1698
f 1697 1698 1699
f 438 1695 1692
f 439 1698 1695
f 440 1692 1698
f 1695 1698 1692
f 116 1690 1676
f 436 1700 1690
f 433 1676 1700
f 1690 1700 1676
f 117 1699 1685
f 439 1701 1699
f 436 1685 1701
f 1699 1701 1685
f 118 1681 1694
f 433 1702 1681
f 439 1694 1702
f 1681 1702 1694
f 436 1701 1700
f 439 1702 1701
f 433 1700 1702
f 1701 1702 1700
f 5 1703 1705
f 441 1704 1703
f 443 1705 1704
f 1703 1704 1705
f 119 1706 1708
f 442 1707 1706
f 441 1708 1707
f 1706 1707 1708
f 121 1709 1711
f 443 1710 1709
f 442 1711 1710
f 1709 1710 1711
f 441 1707 1704
f 442 1710 1707
f 443 1704 1710
f 1707 1710 1704
f 35 1712 1714
f 444 1713 1712
f 446 1714 1713
f 1712 1713 1714
f 120 1715 1717
f 445 1716 1715
f 444 1717 1716
f 1715 1716 1717
f 119 1718 1720
f 446 1719 1718
f 445 1720 1719
f 1718 1719 1720
f 444 1716 1713
f 445 1719 1716
f 446 1713 1719
f 1716 1719 1713
f 34 1721 1723
f 447 1722 1721
f 449 1723 1722
f 1721 1722 1723
f 121 1724 1726
f 448 1725 1724
f 447 1726 1725
f 1724 1725 1726
f 120 1727 1729
f 449 1728 1727
f 448 1729 1728
f 1727 1728 1729
f 447 1725 1722
f 448 1728 1725
f 449 1722 1728
f 1725 1728 1722
f 119 1720 1706
f 445 1730 1720
f 442 1706 1730
f 1720 1730 1706
f 120 1729 1715
f 448 1731 1729
f 445 1715 1731
f 1729 1731 1715
f 121 1711 1724
f 442 1732 1711
f 448 1724 1732
f 1711 1732 1724
f 445 1731 1730
f 448 1732 1731
f 442 1730 1732
f 1731 1732 1730
f 33 1693 1652
f 440 1733 1693
f 426 1652 1733
f 1693 1733 1652
f 117 1734 1697
f 450 1735 1734
f 440 1697 1735
f 1734 1735 1697
f 114 1657 1737
f 426 1736 1657
f 450 1737 1736
f 1657 1736 1737
f 440 1735 1733
f 450 1736 1735
f 426 1733 1736
f 1735 1736 1733
f 34 1723 1682
f 449 1738 1723
f 435 1682 1738
f 1723 1738 1682
f 120 1739 1727
f 451 1740 1739
f 449 1727 1740
f 1739 1740 1727
f 117 1687 1742
f 435 1741 1687
f 451 1742 1741
f 1687 1741 1742
f 449 1740 1738
f 451 1741 1740
f 435 1738 1741
f 1740 1741 1738
f 35 1663 1712
f 431 1743 1663
f 444 1712 1743
f 1663 1743 1712
f 114 1744 1667
f 452 1745 1744
f 431 1667 1745
f 1744 1745 1667
f 120 1717 1747
f 444 1746 1717
f 452 1747 1746
f 1717 1746 1747
f 431 1745 1743
f 452 1746 1745
f 444 1743 1746
f 1745 1746 1743
f 117 1742 1734
f 451 1748 1742
f 450 1734 1748
f 1742 1748 1734
f 120 1747 1739
f 452 1749 1747
f 451 1739 1749
f 1747 1749 1739
f 114 1737 1744
f 450 1750 1737
f 452 1744 1750
f 1737 1750 1744
f 451 1749 1748
f 452 1750 1749
f 450 1748 1750
f 1749 1750 1748
f 4 1645 1752
f 425 1751 1645
f 454 1752 1751
f 1645 1751 1752
f 115 1753 1649
f 453 1754 1753
f 425 1649 1754
f 1753 1754 1649
f 123 1755 1757
f 454 1756 1755
f 453 1757 1756
f 1755 1756 1757
f 425 1754 1751
f 453 1756 1754
f 454 1751 1756
f 1754 1756 1751
f 35 1758 1661
f 455 1759 1758
f 429 1661 1759
f 1758 1759 1661
f 122 1760 1762
f 456 1761 1760
f 455 1762 1761
f 1760 1761 1762
f 115 1666 1764
f 429 1763 1666
f 456 1764 1763
f 1666 1763 1764
f 455 1761 1759
f 456 1763 1761
f 429 1759 1763
f 1761 1763 1759
f 37 1765 1767
f 457 1766 1765
f 459 1767 1766
f 1765 1766 1767
f 123 1768 1770
f 458 1769 1768
f 457 1770 1769
f 1768 1769 1770
f 122 1771 1773
f 459 1772 1771
f 458 1773 1772
f 1771 1772 1773
f 457 1769 1766
f 458 1772 1769
f 459 1766 1772
f 1769 1772 1766
f 115 1764 1753
f 456 1774 1764
f 453 1753 1774
f 1764 1774 1753
f 122 1773 1760
f 458 1775 1773
f 456 1760 1775
f 1773 1775 1760
f 123 1757 1768
f 453 1776 1757
f 458 1768 1776
f 1757 1776 1768
f 456 1775 1774
f 458 1776 1775
f 453 1774 1776
f 1775 1776 1774
f 5 1777 1703
f 460 1778 1777
f 441 1703 1778
f 1777 1778 1703
f 124 1779 1781
f 461 1780 1779
f 460 1781 1780
f 1779 1780 1781
f 119 1708 1783
f 441 1782 1708
f 461 1783 1782
f 1708 1782 1783
f 460 1780 1778
f 461 1782 1780
f 441 1778 1782
f 1780 1782 1778
f 36 1784 1786
f 462 1785 1784
f 464 1786 1785
f 1784 1785 1786
f 125 1787 1789
f 463 1788 1787
f 462 1789 1788
f 1787 1788 1789
f 124 1790 1792
f 464 1791 1790
f 463 1792 1791
f 1790 1791 1792
f 462 1788 1785
f 463 1791 1788
f 464 1785 1791
f 1788 1791 1785
f 35 1714 1794
f 446 1793 1714
f 466 1794 1793
f 1714 1793 1794
f 119 1795 1718
f 465 1796 1795
f 446 1718 1796
f 1795 1796 1718
f 125 1797 1799
f 466 1798 1797
f 465 1799 1798
f 1797 1798 1799
f 446 1796 1793
f 465 1798 1796
f 466 1793 1798
f 1796 1798 1793
f 124 1792 1779
f 463 1800 1792
f 461 1779 1800
f 1792 1800 1779
f 125 1799 1787
f 465 1801 1799
f 463 1787 1801
f 1799 1801 1787
f 119 1783 1795
f 461 1802 1783
f 465 1795 1802
f 1783 1802 1795
f 463 1801 1800
f 465 1802 1801
f 461 1800 1802
f 1801 1802 1800
f 3 1803 1805
f 467 1804 1803
f 469 1805 1804
f 1803 1804 1805
f 126 1806 1808
f 468 1807 1806
f 467 1808 1807
f 1806 1807 1808
f 128 1809 1811
f 469 1810 1809
f 468 1811 1810
f 1809 1810 1811
f 467 1807 1804
f 468 1810 1807
f 469 1804 1810
f 1807 1810 1804
f 37 1812 1814
f 470 1813 1812
f 472 1814 1813
f 1812 1813 1814
f 127 1815 1817
f 471 1816 1815
f 470 1817 1816
f 1815 1816 1817
f 126 1818 1820
f 472 1819 1818
f 471 1820 1819
f 1818 1819 1820
f 470 1816 1813
f 471 1819 1816
f 472 1813 1819
f 1816 1819 1813
f 36 1821 1823
f 473 1822 1821
f 475 1823 1822
f 1821 1822 1823
f 128 1824 1826
f 474 1825 1824
f 473 1826 1825
f 1824 1825 1826
f 127 1827 1829
f 475 1828 1827
f 474 1829 1828
f 1827 1828 1829
f 473 1825 1822
f 474 1828 1825
f 475 1822 1828
f 1825 1828 1822
f 126 1820 1806
f 471 1830 1820
f 468 1806 1830
f 1820 1830 1806
f 127 1829 1815
f 474 1831 1829
f 471 1815 1831
f 1829 1831 1815
f 128 1811 1824
f 468 1832 1811
f 474 1824 1832
f 1811 1832 1824
f 471 1831 1830
f 474 1832 1831
f 468 1830 1832
f 1831 1832 1830
f 35 1794 1758
f 466 1833 1794
f 455 1758 1833
f 1794 1833 1758
f 125 1834 1797
f 476 1835 1834
f 466 1797 1835
f 1834 1835 1797
f 122 1762 1837
f 455 1836 1762
f 476 1837 1836
f 1762 1836 1837
f 466 1835 1833
f 476 1836 1835
f 455 1833 1836
f 1835 1836 1833
f 36 1823 1784
f 475 1838 1823
f 462 1784 1838
f 1823 1838 1784
f 127 1839 1827
f 477 1840 1839
f 475 1827 1840
f 1839 1840 1827
f 125 1789 1842
f 462 1841 1789
f 477 1842 1841
f 1789 1841 1842
f 475 1840 1838
f 477 1841 1840
f 462 1838 1841
f 1840 1841 1838
f 37 1767 1812
f 459 1843 1767
f 470 1812 1843
f 1767 1843 1812
f 122 1844 1771
f 478 1845 1844
f 459 1771 1845
f 1844 1845 1771
f 127 1817 1847
f 470 1846 1817
f 478 1847 1846
f 1817 1846 1847
f 459 1845 1843
f 478 1846 1845
f 470 1843 1846
f 1845 1846 1843
f 125 1842 1834
f 477 1848 1842
f 476 1834 1848
f 1842 1848 1834
f 127 1847 1839
f 478 1849 1847
f 477 1839 1849
f 1847 1849 1839
f 122 1837 1844
f 476 1850 1837
f 478 1844 1850
f 1837 1850 1844
f 477 1849 1848
f 478 1850 1849
f 476 1848 1850
f 1849 1850 1848
f 4 1752 1852
f 454 1851 1752
f 480 1852 1851
f 1752 1851 1852
f 123 1853 1755
f 479 1854 1853
f 454 1755 1854
f 1853 1854 1755
f 130 1855 1857
f 480 1856 1855
f 479 1857 1856
f 1855 1856 1857
f 454 1854 1851
f 479 1856 1854
f 480 1851 1856
f 1854 1856 1851
f 37 1858 1765
f 481 1859 1858
f 457 1765 1859
f 1858 1859 1765
f 129 1860 1862
f 482 1861 1860
f 481 1862 1861
f 1860 1861 1862
f 123 1770 1864
f 457 1863 1770
f 482 1864 1863
f 1770 1863 1864
f 481 1861 1859
f 482 1863 1861
f 457 1859 1863
f 1861 1863 1859
f 39 1865 1867
f 483 1866 1865
f 485 1867 1866
f 1865 1866 1867
f 130 1868 1870
f 484 1869 1868
f 483 1870 1869
f 1868 1869 1870
f 129 1871 1873
f 485 1872 1871
f 484 1873 1872
f 1871 1872 1873
f 483 1869 1866
f 484 1872 1869
f 485 1866 1872
f 1869 1872 1866
f 123 1864 1853
f 482 1874 1864
f 479 1853 1874
f 1864 1874 1853
f 129 1873 1860
f 484 1875 1873
f 482 1860 1875
f 1873 1875 1860
f 130 1857 1868
f 479 1876 1857
f 484 1868 1876
f 1857 1876 1868
f 482 1875 1874
f 484 1876 1875
f 479 1874 1876
f 1875 1876 1874
f 3 1877 1803
f 486 1878 1877
f 467 1803 1878
f 1877 1878 1803
f 131 1879 1881
f 487 1880 1879
f 486 1881 1880
f 1879 1880 1881
f 126 1808 1883
f 467 1882 1808
f 487 1883 1882
f 1808 1882 1883
f 486 1880 1878
f 487 1882 1880
f 467 1878 1882
f 1880 1882 1878
f 38 1884 1886
f 488 1885 1884
f 490 1886 1885
f 1884 1885 1886
f 132 1887 1889
f 489 1888 1887
f 488 1889 1888
f 1887 1888 1889
f 131 1890 1892
f 490 1891 1890
f 489 1892 1891
f 1890 1891 1892
f 488 1888 1885
f 489 1891 1888
f 490 1885 1891
f 1888 1891 1885
f 37 1814 1894
f 472 1893 1814
f 492 1894 1893
f 1814 1893 1894
f 126 1895 1818
f 491 1896 1895
f 472 1818 1896
f 1895 1896 1818
f 132 1897 1899
f 492 1898 1897
f 491 1899 1898
f 1897 1898 1899
f 472 1896 1893
f 491 1898 1896
f 492 1893 1898
f 1896 1898 1893
f 131 1892 1879
f 489 1900 1892
f 487 1879 1900
f 1892 1900 1879
f 132 1899 1887
f 491 1901 1899
f 489 1887 1901
f 1899 1901 1887
f 126 1883 1895
f 487 1902 1883
f 491 1895 1902
f 1883 1902 1895
f 489 1901 1900
f 491 1902 1901
f 487 1900 1902
f 1901 1902 1900
f 7 1903 1905
f 493 1904 1903
f 495 1905 1904
f 1903 1904 1905
f 133 1906 1908
f 494 1907 1906
f 493 1908 1907
f 1906 1907 1908
f 135 1909 1911
f 495 1910 1909
f 494 1911 1910
f 1909 1910 1911
f 493 1907 1904
f 494 1910 1907
f 495 1904 1910
f 1907 1910 1904
f 39 1912 1914
f 496 1913 1912
f 498 1914 1913
f 1912 1913 1914
f 134 1915 1917
f 497 1916 1915
f 496 1917 1916
f 1915 1916 1917
f 133 1918 1920
f 498 1919 1918
f 497 1920 1919
f 1918 1919 1920
f 496 1916 1913
f 497 1919 1916
f 498 1913 1919
f 1916 1919 1913
f 38 1921 1923
f 499 1922 1921
f 501 1923 1922
f 1921 1922 1923
f 135 1924 1926
f 500 1925 1924
f 499 1926 1925
f 1924 1925 1926
f 134 1927 1929
f 501 1928 1927
f 500 1929 1928
f 1927 1928 1929
f 499 1925 1922
f 500 1928 1925
f 501 1922 1928
f 1925 1928 1922
f 133 1920 1906
f 497 1930 1920
f 494 1906 1930
f 1920 1930 1906
f 134 1929 1915
f 500 1931 1929
f 497 1915 1931
f 1929 1931 1915
f 135 1911 1924
f 494 1932 1911
f 500 1924 1932
f 1911 1932 1924
f 497 1931 1930
f 500 1932 1931
f 494 1930 1932
f 1931 1932 1930
f 37 1894 1858
f 492 1933 1894
f 481 1858 1933
f 1894 1933 1858
f 132 1934 1897
f 502 1935 1934
f 492 1897 1935
f 1934 1935 1897
f 129 1862 1937
f 481 1936 1862
f 502 1937 1936
f 1862 1936 1937
f 492 1935 1933
f 502 1936 1935
f 481 1933 1936
f 1935 1936 1933
f 38 1923 1884
f 501 1938 1923
f 488 1884 1938
f 1923 1938 1884
f 134 1939 1927
f 503 1940 1939
f 501 1927 1940
f 1939 1940 1927
f 132 1889 1942
f 488 1941 1889
f 503 1942 1941
f 1889 1941 1942
f 501 1940 1938
f 503 1941 1940
f 488 1938 1941
f 1940 1941 1938
f 39 1867 1912
f 485 1943 1867
f 496 1912 1943
f 1867 1943 1912
f 129 1944 1871
f 504 1945 1944
f 485 1871 1945
f 1944 1945 1871
f 134 1917 1947
f 496 1946 1917
f 504 1947 1946
f 1917 1946 1947
f 485 1945 1943
f 504 1946 1945
f 496 1943 1946
f 1945 1946 1943
f 132 1942 1934
f 503 1948 1942
f 502 1934 1948
f 1942 1948 1934
f 134 1947 1939
f 504 1949 1947
f 503 1939 1949
f 1947 1949 1939
f 129 1937 1944
f 502 1950 1937
f 504 1944 1950
f 1937 1950 1944
f 503 1949 1948
f 504 1950 1949
f 502 1948 1950
f 1949 1950 1948
f 4 1852 1952
f 480 1951 1852
f 506 1952 1951
f 1852 1951 1952
f 130 1953 1855
f 505 1954 1953
f 480 1855 1954
f 1953 1954 1855
f 137 1955 1957
f 506 1956 1955
f 505 1957 1956
f 1955 1956 1957
f 480 1954 1951
f 505 1956 1954
f 506 1951 1956
f 1954 1956 1951
f 39 1958 1865
f 507 1959 1958
f 483 1865 1959
f 1958 1959 1865
f 136 1960 1962
f 508 1961 1960
f 507 1962 1961
f 1960 1961 1962
f 130 1870 1964
f 483 1963 1870
f 508 1964 1963
f 1870 1963 1964
f 507 1961 1959
f 508 1963 1961
f 483 1959 1963
f 1961 1963 1959
f 41 1965 1967
f 509 1966 1965
f 511 1967 1966
f 1965 1966 1967
f 137 1968 1970
f 510 1969 1968
f 509 1970 1969
f 1968 1969 1970
f 136 1971 1973
f 511 1972 1971
f 510 1973 1972
f 1971 1972 1973
f 509 1969 1966
f 510 1972 1969
f 511 1966 1972
f 1969 1972 1966
f 130 1964 1953
f 508 1974 1964
f 505 1953 1974
f 1964 1974 1953
f 136 1973 1960
f 510 1975 1973
f 508 1960 1975
f 1973 1975 1960
f 137 1957 1968
f 505 1976 1957
f 510 1968 1976
f 1957 1976 1968
f 508 1975 1974
f 510 1976 1975
f 505 1974 1976
f 1975 1976 1974
f 7 1977 1903
f 512 1978 1977
f 493 1903 1978
f 1977 1978 1903
f 138 1979 1981
f 513 1980 1979
f 512 1981 1980
f 1979 1980 1981
f 133 1908 1983
f 493 1982 1908
f 513 1983 1982
f 1908 1982 1983
f 512 1980 1978
f 513 1982 1980
f 493 1978 1982
f 1980 1982 1978
f 40 1984 1986
f 514 1985 1984
f 516 1986 1985
f 1984 1985 1986
f 139 1987 1989
f 515 1988 1987
f 514 1989 1988
f 1987 1988 1989
f 138 1990 1992
f 516 1991 1990
f 515 1992 1991
f 1990 1991 1992
f 514 1988 1985
f 515 1991 1988
f 516 1985 1991
f 1988 1991 1985
f 39 1914 1994
f 498 1993 1914
f 518 1994 1993
f 1914 1993 1994
f 133 1995 1918
f 517 1996 1995
f 498 1918 1996
f 1995 1996 1918
f 139 1997 1999
f 518 1998 1997
f 517 1999 1998
f 1997 1998 1999
f 498 1996 1993
f 517 1998 1996
f 518 1993 1998
f 1996 1998 1993
f 138 1992 1979
f 515 2000 1992
f 513 1979 2000
f 1992 2000 1979
f 139 1999 1987
f 517 2001 1999
f 515 1987 2001
f 1999 2001 1987
f 133 1983 1995
f 513 2002 1983
f 517 1995 2002
f 1983 2002 1995
f 515 2001 2000
f 517 2002 2001
f 513 2000 2002
f 2001 2002 2000
f 9 2003 2005
f 519 2004 2003
f 521 2005 2004
f 2003 2004 2005
f 140 2006 2008
f 520 2007 2006
f 519 2008 2007
f 2006 2007 2008
f 142 2009 2011
f 521 2010 2009
f 520 2011 2010
f 2009 2010 2011
f 519 2007 2004
f 520 2010 2007
f 521 2004 2010
f 2007 2010 2004
f 41 2012 2014
f 522 2013 2012
f 524 2014 2013
f 2012 2013 2014
f 141 2015 2017
f 523 2016 2015
f 522 2017 2016
f 2015 2016 2017
f 140 2018 2020
f 524 2019 2018
f 523 2020 2019
f 2018 2019 2020
f 522 2016 2013
f 523 2019 2016
f 524 2013 2019
f 2016 2019 2013
f 40 2021 2023
f 525 2022 2021
f 527 2023 2022
f 2021 2022 2023
f 142 2024 2026
f 526 2025 2024
f 525 2026 2025
f 2024 2025 2026
f 141 2027 2029
f 527 2028 2027
f 526 2029 2028
f 2027 2028 2029
f 525 2025 2022
f 526 2028 2025
f 527 2022 2028
f 2025 2028 2022
f 140 2020 2006
f 523 2030 2020
f 520 2006 2030
f 2020 2030 2006
f 141 2029 2015
f 526 2031 2029
f 523 2015 2031
f 2029 2031 2015
f 142 2011 2024
f 520 2032 2011
f 526 2024 2032
f 2011 2032 2024
f 523 2031 2030
f 526 2032 2031
f 520 2030 2032
f 2031 2032 2030
f 39 1994 1958
f 518 2033 1994
f 507 1958 2033
f 1994 2033 1958
f 139 2034 1997
f 528 2035 2034
f 518 1997 2035
f 2034 2035 1997
f 136 1962 2037
f 507 2036 1962
f 528 2037 2036
f 1962 2036 2037
f 518 2035 2033
f 528 2036 2035
f 507 2033 2036
f 2035 2036 2033
f 40 2023 1984
f 527 2038 2023
f 514 1984 2038
f 2023 2038 1984
f 141 2039 2027
f 529 2040 2039
f 527 2027 2040
f 2039 2040 2027
f 139 1989 2042
f 514 2041 1989
f 529 2042 2041
f 1989 2041 2042
f 527 2040 2038
f 529 2041 2040
f 514 2038 2041
f 2040 2041 2038
f 41 1967 2012
f 511 2043 1967
f 522 2012 2043
f 1967 2043 2012
f 136 2044 1971
f 530 2045 2044
f 511 1971 2045
f 2044 2045 1971
f 141 2017 2047
f 522 2046 2017
f 530 2047 2046
f 2017 2046 2047
f 511 2045 2043
f 530 2046 2045
f 522 2043 2046
f 2045 2046 2043
f 139 2042 2034
f 529 2048 2042
f 528 2034 2048
f 2042 2048 2034
f 141 2047 2039
f 530 2049 2047
f 529 2039 2049
f 2047 2049 2039
f 136 2037 2044
f 528 2050 2037
f 530 2044 2050
f 2037 2050 2044
f 529 2049 2048
f 530 2050 2049
f 528 2048 2050
f 2049 2050 2048
f 4 1952 1643
f 506 2051 1952
f 423 1643 2051
f 1952 2051 1643
f 137 2052 1955
f 531 2053 2052
f 506 1955 2053
f 2052 2053 1955
f 113 1648 2055
f 423 2054 1648
f 531 2055 2054
f 1648 2054 2055
f 506 2053 2051
f 531 2054 2053
f 423 2051 2054
f 2053 2054 2051
f 41 2056 1965
f 532 2057 2056
f 509 1965 2057
f 2056 2057 1965
f 143 2058 2060
f 533 2059 2058
f 532 2060 2059
f 2058 2059 2060
f 137 1970 2062
f 509 2061 1970
f 533 2062 2061
f 1970 2061 2062
f 532 2059 2057
f 533 2061 2059
f 509 2057 2061
f 2059 2061 2057
f 33 1654 2064
f 428 2063 1654
f 535 2064 2063
f 1654 2063 2064
f 113 2065 1658
f 534 2066 2065
f 428 1658 2066
f 2065 2066 1658
f 143 2067 2069
f 535 2068 2067
f 534 2069 2068
f 2067 2068 2069
f 428 2066 2063
f 534 2068 2066
f 535 2063 2068
f 2066 2068 2063
f 137 2062 2052
f 533 2070 2062
f 531 2052 2070
f 2062 2070 2052
f 143 2069 2058
f 534 2071 2069
f 533 2058 2071
f 2069 2071 2058
f 113 2055 2065
f 531 2072 2055
f 534 2065 2072
f 2055 2072 2065
f 533 2071 2070
f 534 2072 2071
f 531 2070 2072
f 2071 2072 2070
f 9 2073 2003
f 536 2074 2073
f 519 2003 2074
f 2073 2074 2003
f 144 2075 2077
f 537 2076 2075
f 536 2077 2076
f 2075 2076 2077
f 140 2008 2079
f 519 2078 2008
f 537 2079 2078
f 2008 2078 2079
f 536 2076 2074
f 537 2078 2076
f 519 2074 2078
f 2076 2078 2074
f 42 2080 2082
f 538 2081 2080
f 540 2082 2081
f 2080 2081 2082
f 145 2083 2085
f 539 2084 2083
f 538 2085 2084
f 2083 2084 2085
f 144 2086 2088
f 540 2087 2086
f 539 2088 2087
f 2086 2087 2088
f 538 2084 2081
f 539 2087 2084
f 540 2081 2087
f 2084 2087 2081
f 41 2014 2090
f 524 2089 2014
f 542 2090 2089
f 2014 2089 2090
f 140 2091 2018
f 541 2092 2091
f 524 2018 2092
f 2091 2092 2018
f 145 2093 2095
f 542 2094 2093
f 541 2095 2094
f 2093 2094 2095
f 524 2092 2089
f 541 2094 2092
f 542 2089 2094
f 2092 2094 2089
f 144 2088 2075
f 539 2096 2088
f 537 2075 2096
f 2088 2096 2075
f 145 2095 2083
f 541 2097 2095
f 539 2083 2097
f 2095 2097 2083
f 140 2079 2091
f 537 2098 2079
f 541 2091 2098
f 2079 2098 2091
f 539 2097 2096
f 541 2098 2097
f 537 2096 2098
f 2097 2098 2096
f 10 1675 2100
f 434 2099 1675
f 544 2100 2099
f 1675 2099 2100
f 118 2101 1679
f 543 2102 2101
f 434 1679 2102
f 2101 2102 1679
f 147 2103 2105
f 544 2104 2103
f 543 2105 2104
f 2103 2104 2105
f 434 2102 2099
f 543 2104 2102
f 544 2099 2104
f 2102 2104 2099
f 33 2106 1691
f 545 2107 2106
f 438 1691 2107
f 2106 2107 1691
f 146 2108 2110
f 546 2109 2108
f 545 2110 2109
f 2108 2109 2110
f 118 1696 2112
f 438 2111 1696
f 546 2112 2111
f 1696 2111 2112
f 545 2109 2107
f 546 2111 2109
f 438 2107 2111
f 2109 2111 2107
f 42 2113 2115
f 547 2114 2113
f 549 2115 2114
f 2113 2114 2115
f 147 2116 2118
f 548 2117 2116
f 547 2118 2117
f 2116 2117 2118
f 146 2119 2121
f 549 2120 2119
f 548 2121 2120
f 2119 2120 2121
f 547 2117 2114
f 548 2120 2117
f 549 2114 2120
f 2117 2120 2114
f 118 2112 2101
f 546 2122 2112
f 543 2101 2122
f 2112 2122 2101
f 146 2121 2108
f 548 2123 2121
f 546 2108 2123
f 2121 2123 2108
f 147 2105 2116
f 543 2124 2105
f 548 2116 2124
f 2105 2124 2116
f 546 2123 2122
f 548 2124 2123
f 543 2122 2124
f 2123 2124 2122
f 41 2090 2056
f 542 2125 2090
f 532 2056 2125
f 2090 2125 2056
f 145 2126 2093
f 550 2127 2126
f 542 2093 2127
f 2126 2127 2093
f 143 2060 2129
f 532 2128 2060
f 550 2129 2128
f 2060 2128 2129
f 542 2127 2125
f 550 2128 2127
f 532 2125 2128
f 2127 2128 2125
f 42 2115 2080
f 549 2130 2115
f 538 2080 2130
f 2115 2130 2080
f 146 2131 2119
f 551 2132 2131
f 549 2119 2132
f 2131 2132 2119
f 145 2085 2134
f 538 2133 2085
f 551 2134 2133
f 2085 2133 2134
f 549 2132 2130
f 551 2133 2132
f 538 2130 2133
f 2132 2133 2130
f 33 2064 2106
f 535 2135 2064
f 545 2106 2135
f 2064 2135 2106
f 143 2136 2067
f 552 2137 2136
f 535 2067 2137
f 2136 2137 2067
f 146 2110 2139
f 545 2138 2110
f 552 2139 2138
f 2110 2138 2139
f 535 2137 2135
f 552 2138 2137
f 545 2135 2138
f 2137 2138 2135
f 145 2134 2126
f 551 2140 2134
f 550 2126 2140
f 2134 2140 2126
f 146 2139 2131
f 552 2141 2139
f 551 2131 2141
f 2139 2141 2131
f 143 2129 2136
f 550 2142 2129
f 552 2136 2142
f 2129 2142 2136
f 551 2141 2140
f 552 2142 2141
f 550 2140 2142
f 2141 2142 2140
f 5 1705 1295
f 443 2143 1705
f 333 1295 2143
f 1705 2143 1295
f 121 2144 1709
f 553 2145 2144
f 443 1709 2145
f 2144 2145 1709
f 89 1300 2147
f 333 2146 1300
f 553 2147 2146
f 1300 2146 2147
f 443 2145 2143
f 553 2146 2145
f 333 2143 2146
f 2145 2146 2143
f 34 2148 1721
f 554 2149 2148
f 447 1721 2149
f 2148 2149 1721
f 148 2150 2152
f 555 2151 2150
f 554 2152 2151
f 2150 2151 2152
f 121 1726 2154
f 447 2153 1726
f 555 2154 2153
f 1726 2153 2154
f 554 2151 2149
f 555 2153 2151
f 447 2149 2153
f 2151 2153 2149
f 26 1306 2156
f 338 2155 1306
f 557 2156 2155
f 1306 2155 2156
f 89 2157 1310
f 556 2158 2157
f 338 1310 2158
f 2157 2158 1310
f 148 2159 2161
f 557 2160 2159
f 556 2161 2160
f 2159 2160 2161
f 338 2158 2155
f 556 2160 2158
f 557 2155 2160
f 2158 2160 2155
f 121 2154 2144
f 555 2162 2154
f 553 2144 2162
f 2154 2162 2144
f 148 2161 2150
f 556 2163 2161
f 555 2150 2163
f 2161 2163 2150
f 89 2147 2157
f 553 2164 2147
f 556 2157 2164
f 2147 2164 2157
f 555 2163 2162
f 556 2164 2163
f 553 2162 2164
f 2163 2164 2162
f 10 1197 1673
f 309 2165 1197
f 432 1673 2165
f 1197 2165 1673
f 84 2166 1201
f 558 2167 2166
f 309 1201 2167
f 2166 2167 1201
f 116 1678 2169
f 432 2168 1678
f 558 2169 2168
f 1678 2168 2169
f 309 2167 2165
f 558 2168 2167
f 432 2165 2168
f 2167 2168 2165
f 23 2170 1213
f 559 2171 2170
f 313 1213 2171
f 2170 2171 1213
f 149 2172 2174
f 560 2173 2172
f 559 2174 2173
f 2172 2173 2174
f 84 1218 2176
f 313 2175 1218
f 560 2176 2175
f 1218 2175 2176
f 559 2173 2171
f 560 2175 2173
f 313 2171 2175
f 2173 2175 2171
f 34 1684 2178
f 437 2177 1684
f 562 2178 2177
f 1684 2177 2178
f 116 2179 1688
f 561 2180 2179
f 437 1688 2180
f 2179 2180 1688
f 149 2181 2183
f 562 2182 2181
f 561 2183 2182
f 2181 2182 2183
f 437 2180 2177
f 561 2182 2180
f 562 2177 2182
f 2180 2182 2177
f 84 2176 2166
f 560 2184 2176
f 558 2166 2184
f 2176 2184 2166
f 149 2183 2172
f 561 2185 2183
f 560 2172 2185
f 2183 2185 2172
f 116 2169 2179
f 558 2186 2169
f 561 2179 2186
f 2169 2186 2179
f 560 2185 2184
f 561 2186 2185
f 558 2184 2186
f 2185 2186 2184
f 6 1244 1169
f 320 2187 1244
f 300 1169 2187
f 1244 2187 1169
f 86 2188 1247
f 563 2189 2188
f 320 1247 2189
f 2188 2189 1247
f 80 1173 2191
f 300 2190 1173
f 563 2191 2190
f 1173 2190 2191
f 320 2189 2187
f 563 2190 2189
f 300 2187 2190
f 2189 2190 2187
f 26 2192 1257
f 564 2193 2192
f 323 1257 2193
f 2192 2193 1257
f 150 2194 2196
f 565 2195 2194
f 564 2196 2195
f 2194 2195 2196
f 86 1262 2198
f 323 2197 1262
f 565 2198 2197
f 1262 2197 2198
f 564 2195 2193
f 565 2197 2195
f 323 2193 2197
f 2195 2197 2193
f 23 1178 2200
f 304 2199 1178
f 567 2200 2199
f 1178 2199 2200
f 80 2201 1182
f 566 2202 2201
f 304 1182 2202
f 2201 2202 1182
f 150 2203 2205
f 567 2204 2203
f 566 2205 2204
f 2203 2204 2205
f 304 2202 2199
f 566 2204 2202
f 567 2199 2204
f 2202 2204 2199
f 86 2198 2188
f 565 2206 2198
f 563 2188 2206
f 2198 2206 2188
f 150 2205 2194
f 566 2207 2205
f 565 2194 2207
f 2205 2207 2194
f 80 2191 2201
f 563 2208 2191
f 566 2201 2208
f 2191 2208 2201
f 565 2207 2206
f 566 2208 2207
f 563 2206 2208
f 2207 2208 2206
f 34 2178 2148
f 562 2209 2178
f 554 2148 2209
f 2178 2209 2148
f 149 2210 2181
f 568 2211 2210
f 562 2181 2211
f 2210 2211 2181
f 148 2152 2213
f 554 2212 2152
f 568 2213 2212
f 2152 2212 2213
f 562 2211 2209
f 568 2212 2211
f 554 2209 2212
f 2211 2212 2209
f 23 2200 2170
f 567 2214 2200
f 559 2170 2214
f 2200 2214 2170
f 150 2215 2203
f 569 2216 2215
f 567 2203 2216
f 2215 2216 2203
f 149 2174 2218
f 559 2217 2174
f 569 2218 2217
f 2174 2217 2218
f 567 2216 2214
f 569 2217 2216
f 559 2214 2217
f 2216 2217 2214
f 26 2156 2192
f 557 2219 2156
f 564 2192 2219
f 2156 2219 2192
f 148 2220 2159
f 570 2221 2220
f 557 2159 2221
f 2220 2221 2159
f 150 2196 2223
f 564 2222 2196
f 570 2223 2222
f 2196 2222 2223
f 557 2221 2219
f 570 2222 2221
f 564 2219 2222
f 2221 2222 2219
f 149 2218 2210
f 569 2224 2218
f 568 2210 2224
f 2218 2224 2210
f 150 2223 2215
f 570 2225 2223
f 569 2215 2225
f 2223 2225 2215
f 148 2213 2220
f 568 2226 2213
f 570 2220 2226
f 2213 2226 2220
f 569 2225 2224
f 570 2226 2225
f 568 2224 2226
f 2225 2226 2224
f 3 1805 1395
f 469 2227 1805
f 359 1395 2227
f 1805 2227 1395
f 128 2228 1809
f 571 2229 2228
f 469 1809 2229
f 2228 2229 1809
f 96 1400 2231
f 359 2230 1400
f 571 2231 2230
f 1400 2230 2231
f 469 2229 2227
f 571 2230 2229
f 359 2227 2230
f 2229 2230 2227
f 36 2232 1821
f 572 2233 2232
f 473 1821 2233
f 2232 2233 1821
f 151 2234 2236
f 573 2235 2234
f 572 2236 2235
f 2234 2235 2236
f 128 1826 2238
f 473 2237 1826
f 573 2238 2237
f 1826 2237 2238
f 572 2235 2233
f 573 2237 2235
f 473 2233 2237
f 2235 2237 2233
f 28 1406 2240
f 364 2239 1406
f 575 2240 2239
f 1406 2239 2240
f 96 2241 1410
f 574 2242 2241
f 364 1410 2242
f 2241 2242 1410
f 151 2243 2245
f 575 2244 2243
f 574 2245 2244
f 2243 2244 2245
f 364 2242 2239
f 574 2244 2242
f 575 2239 2244
f 2242 2244 2239
f 128 2238 2228
f 573 2246 2238
f 571 2228 2246
f 2238 2246 2228
f 151 2245 2234
f 574 2247 2245
f 573 2234 2247
f 2245 2247 2234
f 96 2231 2241
f 571 2248 2231
f 574 2241 2248
f 2231 2248 2241
f 573 2247 2246
f 574 2248 2247
f 571 2246 2248
f 2247 2248 2246
f 5 1297 1777
f 335 2249 1297
f 460 1777 2249
f 1297 2249 1777
f 91 2250 1301
f 576 2251 2250
f 335 1301 2251
f 2250 2251 1301
f 124 1781 2253
f 460 2252 1781
f 576 2253 2252
f 1781 2252 2253
f 335 2251 2249
f 576 2252 2251
f 460 2249 2252
f 2251 2252 2249
f 25 2254 1313
f 577 2255 2254
f 339 1313 2255
f 2254 2255 1313
f 152 2256 2258
f 578 2257 2256
f 577 2258 2257
f 2256 2257 2258
f 91 1318 2260
f 339 2259 1318
f 578 2260 2259
f 1318 2259 2260
f 577 2257 2255
f 578 2259 2257
f 339 2255 2259
f 2257 2259 2255
f 36 1786 2262
f 464 2261 1786
f 580 2262 2261
f 1786 2261 2262
f 124 2263 1790
f 579 2264 2263
f 464 1790 2264
f 2263 2264 1790
f 152 2265 2267
f 580 2266 2265
f 579 2267 2266
f 2265 2266 2267
f 464 2264 2261
f 579 2266 2264
f 580 2261 2266
f 2264 2266 2261
f 91 2260 2250
f 578 2268 2260
f 576 2250 2268
f 2260 2268 2250
f 152 2267 2256
f 579 2269 2267
f 578 2256 2269
f 2267 2269 2256
f 124 2253 2263
f 576 2270 2253
f 579 2263 2270
f 2253 2270 2263
f 578 2269 2268
f 579 2270 2269
f 576 2268 2270
f 2269 2270 2268
f 12 1344 1269
f 346 2271 1344
f 326 1269 2271
f 1344 2271 1269
f 93 2272 1347
f 581 2273 2272
f 346 1347 2273
f 2272 2273 1347
f 87 1273 2275
f 326 2274 1273
f 581 2275 2274
f 1273 2274 2275
f 346 2273 2271
f 581 2274 2273
f 326 2271 2274
f 2273 2274 2271
f 28 2276 1357
f 582 2277 2276
f 349 1357 2277
f 2276 2277 1357
f 153 2278 2280
f 583 2279 2278
f 582 2280 2279
f 2278 2279 2280
f 93 1362 2282
f 349 2281 1362
f 583 2282 2281
f 1362 2281 2282
f 582 2279 2277
f 583 2281 2279
f 349 2277 2281
f 2279 2281 2277
f 25 1278 2284
f 330 2283 1278
f 585 2284 2283
f 1278 2283 2284
f 87 2285 1282
f 584 2286 2285
f 330 1282 2286
f 2285 2286 1282
f 153 2287 2289
f 585 2288 2287
f 584 2289 2288
f 2287 2288 2289
f 330 2286 2283
f 584 2288 2286
f 585 2283 2288
f 2286 2288 2283
f 93 2282 2272
f 583 2290 2282
f 581 2272 2290
f 2282 2290 2272
f 153 2289 2278
f 584 2291 2289
f 583 2278 2291
f 2289 2291 2278
f 87 2275 2285
f 581 2292 2275
f 584 2285 2292
f 2275 2292 2285
f 583 2291 2290
f 584 2292 2291
f 581 2290 2292
f 2291 2292 2290
f 36 2262 2232
f 580 2293 2262
f 572 2232 2293
f 2262 2293 2232
f 152 2294 2265
f 586 2295 2294
f 580 2265 2295
f 2294 2295 2265
f 151 2236 2297
f 572 2296 2236
f 586 2297 2296
f 2236 2296 2297
f 580 2295 2293
f 586 2296 2295
f 572 2293 2296
f 2295 2296 2293
f 25 2284 2254
f 585 2298 2284
f 577 2254 2298
f 2284 2298 2254
f 153 2299 2287
f 587 2300 2299
f 585 2287 2300
f 2299 2300 2287
f 152 2258 2302
f 577 2301 2258
f 587 2302 2301
f 2258 2301 2302
f 585 2300 2298
f 587 2301 2300
f 577 2298 2301
f 2300 2301 2298
f 28 2240 2276
f 575 2303 2240
f 582 2276 2303
f 2240 2303 2276
f 151 2304 2243
f 588 2305 2304
f 575 2243 2305
f 2304 2305 2243
f 153 2280 2307
f 582 2306 2280
f 588 2307 2306
f 2280 2306 2307
f 575 2305 2303
f 588 2306 2305
f 582 2303 2306
f 2305 2306 2303
f 152 2302 2294
f 587 2308 2302
f 586 2294 2308
f 2302 2308 2294
f 153 2307 2299
f 588 2309 2307
f 587 2299 2309
f 2307 2309 2299
f 151 2297 2304
f 586 2310 2297
f 588 2304 2310
f 2297 2310 2304
f 587 2309 2308
f 588 2310 2309
f 586 2308 2310
f 2309 2310 2308
f 7 1905 1495
f 495 2311 1905
f 385 1495 2311
f 1905 2311 1495
f 135 2312 1909
f 589 2313 2312
f 495 1909 2313
f 2312 2313 1909
f 103 1500 2315
f 385 2314 1500
f 589 2315 2314
f 1500 2314 2315
f 495 2313 2311
f 589 2314 2313
f 385 2311 2314
f 2313 2314 2311
f 38 2316 1921
f 590 2317 2316
f 499 1921 2317
f 2316 2317 1921
f 154 2318 2320
f 591 2319 2318
f 590 2320 2319
f 2318 2319 2320
f 135 1926 2322
f 499 2321 1926
f 591 2322 2321
f 1926 2321 2322
f 590 2319 2317
f 591 2321 2319
f 499 2317 2321
f 2319 2321 2317
f 30 1506 2324
f 390 2323 1506
f 593 2324 2323
f 1506 2323 2324
f 103 2325 1510
f 592 2326 2325
f 390 1510 2326
f 2325 2326 1510
f 154 2327 2329
f 593 2328 2327
f 592 2329 2328
f 2327 2328 2329
f 390 2326 2323
f 592 2328 2326
f 593 2323 2328
f 2326 2328 2323
f 135 2322 2312
f 591 2330 2322
f 589 2312 2330
f 2322 2330 2312
f 154 2329 2318
f 592 2331 2329
f 591 2318 2331
f 2329 2331 2318
f 103 2315 2325
f 589 2332 2315
f 592 2325 2332
f 2315 2332 2325
f 591 2331 2330
f 592 2332 2331
f 589 2330 2332
f 2331 2332 2330
f 3 1397 1877
f 361 2333 1397
f 486 1877 2333
f 1397 2333 1877
f 98 2334 1401
f 594 2335 2334
f 361 1401 2335
f 2334 2335 1401
f 131 1881 2337
f 486 2336 1881
f 594 2337 2336
f 1881 2336 2337
f 361 2335 2333
f 594 2336 2335
f 486 2333 2336
f 2335 2336 2333
f 27 2338 1413
f 595 2339 2338
f 365 1413 2339
f 2338 2339 1413
f 155 2340 2342
f 596 2341 2340
f 595 2342 2341
f 2340 2341 2342
f 98 1418 2344
f 365 2343 1418
f 596 2344 2343
f 1418 2343 2344
f 595 2341 2339
f 596 2343 2341
f 365 2339 2343
f 2341 2343 2339
f 38 1886 2346
f 490 2345 1886
f 598 2346 2345
f 1886 2345 2346
f 131 2347 1890
f 597 2348 2347
f 490 1890 2348
f 2347 2348 1890
f 155 2349 2351
f 598 2350 2349
f 597 2351 2350
f 2349 2350 2351
f 490 2348 2345
f 597 2350 2348
f 598 2345 2350
f 2348 2350 2345
f 98 2344 2334
f 596 2352 2344
f 594 2334 2352
f 2344 2352 2334
f 155 2351 2340
f 597 2353 2351
f 596 2340 2353
f 2351 2353 2340
f 131 2337 2347
f 594 2354 2337
f 597 2347 2354
f 2337 2354 2347
f 596 2353 2352
f 597 2354 2353
f 594 2352 2354
f 2353 2354 2352
f 11 1444 1369
f 372 2355 1444
f 352 1369 2355
f 1444 2355 1369
f 100 2356 1447
f 599 2357 2356
f 372 1447 2357
f 2356 2357 1447
f 94 1373 2359
f 352 2358 1373
f 599 2359 2358
f 1373 2358 2359
f 372 2357 2355
f 599 2358 2357
f 352 2355 2358
f 2357 2358 2355
f 30 2360 1457
f 600 2361 2360
f 375 1457 2361
f 2360 2361 1457
f 156 2362 2364
f 601 2363 2362
f 600 2364 2363
f 2362 2363 2364
f 100 1462 2366
f 375 2365 1462
f 601 2366 2365
f 1462 2365 2366
f 600 2363 2361
f 601 2365 2363
f 375 2361 2365
f 2363 2365 2361
f 27 1378 2368
f 356 2367 1378
f 603 2368 2367
f 1378 2367 2368
f 94 2369 1382
f 602 2370 2369
f 356 1382 2370
f 2369 2370 1382
f 156 2371 2373
f 603 2372 2371
f 602 2373 2372
f 2371 2372 2373
f 356 2370 2367
f 602 2372 2370
f 603 2367 2372
f 2370 2372 2367
f 100 2366 2356
f 601 2374 2366
f 599 2356 2374
f 2366 2374 2356
f 156 2373 2362
f 602 2375 2373
f 601 2362 2375
f 2373 2375 2362
f 94 2359 2369
f 599 2376 2359
f 602 2369 2376
f 2359 2376 2369
f 601 2375 2374
f 602 2376 2375
f 599 2374 2376
f 2375 2376 2374
f 38 2346 2316
f 598 2377 2346
f 590 2316 2377
f 2346 2377 2316
f 155 2378 2349
f 604 2379 2378
f 598 2349 2379
f 2378 2379 2349
f 154 2320 2381
f 590 2380 2320
f 604 2381 2380
f 2320 2380 2381
f 598 2379 2377
f 604 2380 2379
f 590 2377 2380
f 2379 2380 2377
f 27 2368 2338
f 603 2382 2368
f 595 2338 2382
f 2368 2382 2338
f 156 2383 2371
f 605 2384 2383
f 603 2371 2384
f 2383 2384 2371
f 155 2342 2386
f 595 2385 2342
f 605 2386 2385
f 2342 2385 2386
f 603 2384 2382
f 605 2385 2384
f 595 2382 2385
f 2384 2385 2382
f 30 2324 2360
f 593 2387 2324
f 600 2360 2387
f 2324 2387 2360
f 154 2388 2327
f 606 2389 2388
f 593 2327 2389
f 2388 2389 2327
f 156 2364 2391
f 600 2390 2364
f 606 2391 2390
f 2364 2390 2391
f 593 2389 2387
f 606 2390 2389
f 600 2387 2390
f 2389 2390 2387
f 155 2386 2378
f 605 2392 2386
f 604 2378 2392
f 2386 2392 2378
f 156 2391 2383
f 606 2393 2391
f 605 2383 2393
f 2391 2393 2383
f 154 2381 2388
f 604 2394 2381
f 606 2388 2394
f 2381 2394 2388
f 605 2393 2392
f 606 2394 2393
f 604 2392 2394
f 2393 2394 2392
f 9 2005 1595
f 521 2395 2005
f 411 1595 2395
f 2005 2395 1595
f 142 2396 2009
f 607 2397 2396
f 521 2009 2397
f 2396 2397 2009
f 110 1600 2399
f 411 2398 1600
f 607 2399 2398
f 1600 2398 2399
f 521 2397 2395
f 607 2398 2397
f 411 2395 2398
f 2397 2398 2395
f 40 2400 2021
f 608 2401 2400
f 525 2021 2401
f 2400 2401 2021
f 157 2402 2404
f 609 2403 2402
f 608 2404 2403
f 2402 2403 2404
f 142 2026 2406
f 525 2405 2026
f 609 2406 2405
f 2026 2405 2406
f 608 2403 2401
f 609 2405 2403
f 525 2401 2405
f 2403 2405 2401
f 32 1606 2408
f 416 2407 1606
f 611 2408 2407
f 1606 2407 2408
f 110 2409 1610
f 610 2410 2409
f 416 1610 2410
f 2409 2410 1610
f 157 2411 2413
f 611 2412 2411
f 610 2413 2412
f 2411 2412 2413
f 416 2410 2407
f 610 2412 2410
f 611 2407 2412
f 2410 2412 2407
f 142 2406 2396
f 609 2414 2406
f 607 2396 2414
f 2406 2414 2396
f 157 2413 2402
f 610 2415 2413
f 609 2402 2415
f 2413 2415 2402
f 110 2399 2409
f 607 2416 2399
f 610 2409 2416
f 2399 2416 2409
f 609 2415 2414
f 610 2416 2415
f 607 2414 2416
f 2415 2416 2414
f 7 1497 1977
f 387 2417 1497
f 512 1977 2417
f 1497 2417 1977
f 105 2418 1501
f 612 2419 2418
f 387 1501 2419
f 2418 2419 1501
f 138 1981 2421
f 512 2420 1981
f 612 2421 2420
f 1981 2420 2421
f 387 2419 2417
f 612 2420 2419
f 512 2417 2420
f 2419 2420 2417
f 29 2422 1513
f 613 2423 2422
f 391 1513 2423
f 2422 2423 1513
f 158 2424 2426
f 614 2425 2424
f 613 2426 2425
f 2424 2425 2426
f 105 1518 2428
f 391 2427 1518
f 614 2428 2427
f 1518 2427 2428
f 613 2425 2423
f 614 2427 2425
f 391 2423 2427
f 2425 2427 2423
f 40 1986 2430
f 516 2429 1986
f 616 2430 2429
f 1986 2429 2430
f 138 2431 1990
f 615 2432 2431
f 516 1990 2432
f 2431 2432 1990
f 158 2433 2435
f 616 2434 2433
f 615 2435 2434
f 2433 2434 2435
f 516 2432 2429
f 615 2434 2432
f 616 2429 2434
f 2432 2434 2429
f 105 2428 2418
f 614 2436 2428
f 612 2418 2436
f 2428 2436 2418
f 158 2435 2424
f 615 2437 2435
f 614 2424 2437
f 2435 2437 2424
f 138 2421 2431
f 612 2438 2421
f 615 2431 2438
f 2421 2438 2431
f 614 2437 2436
f 615 2438 2437
f 612 2436 2438
f 2437 2438 2436
f 8 1544 1469
f 398 2439 1544
f 378 1469 2439
f 1544 2439 1469
f 107 2440 1547
f 617 2441 2440
f 398 1547 2441
f 2440 2441 1547
f 101 1473 2443
f 378 2442 1473
f 617 2443 2442
f 1473 2442 2443
f 398 2441 2439
f 617 2442 2441
f 378 2439 2442
f 2441 2442 2439
f 32 2444 1557
f 618 2445 2444
f 401 1557 2445
f 2444 2445 1557
f 159 2446 2448
f 619 2447 2446
f 618 2448 2447
f 2446 2447 2448
f 107 1562 2450
f 401 2449 1562
f 619 2450 2449
f 1562 2449 2450
f 618 2447 2445
f 619 2449 2447
f 401 2445 2449
f 2447 2449 2445
f 29 1478 2452
f 382 2451 1478
f 621 2452 2451
f 1478 2451 2452
f 101 2453 1482
f 620 2454 2453
f 382 1482 2454
f 2453 2454 1482
f 159 2455 2457
f 621 2456 2455
f 620 2457 2456
f 2455 2456 2457
f 382 2454 2451
f 620 2456 2454
f 621 2451 2456
f 2454 2456 2451
f 107 2450 2440
f 619 2458 2450
f 617 2440 2458
f 2450 2458 2440
f 159 2457 2446
f 620 2459 2457
f 619 2446 2459
f 2457 2459 2446
f 101 2443 2453
f 617 2460 2443
f 620 2453 2460
f 2443 2460 2453
f 619 2459 2458
f 620 2460 2459
f 617 2458 2460
f 2459 2460 2458
f 40 2430 2400
f 616 2461 2430
f 608 2400 2461
f 2430 2461 2400
f 158 2462 2433
f 622 2463 2462
f 616 2433 2463
f 2462 2463 2433
f 157 2404 2465
f 608 2464 2404
f 622 2465 2464
f 2404 2464 2465
f 616 2463 2461
f 622 2464 2463
f 608 2461 2464
f 2463 2464 2461
f 29 2452 2422
f 621 2466 2452
f 613 2422 2466
f 2452 2466 2422
f 159 2467 2455
f 623 2468 2467
f 621 2455 2468
f 2467 2468 2455
f 158 2426 2470
f 613 2469 2426
f 623 2470 2469
f 2426 2469 2470
f 621 2468 2466
f 623 2469 2468
f 613 2466 2469
f 2468 2469 2466
f 32 2408 2444
f 611 2471 2408
f 618 2444 2471
f 2408 2471 2444
f 157 2472 2411
f 624 2473 2472
f 611 2411 2473
f 2472 2473 2411
f 159 2448 2475
f 618 2474 2448
f 624 2475 2474
f 2448 2474 2475
f 611 2473 2471
f 624 2474 2473
f 618 2471 2474
f 2473 2474 2471
f 158 2470 2462
f 623 2476 2470
f 622 2462 2476
f 2470 2476 2462
f 159 2475 2467
f 624 2477 2475
f 623 2467 2477
f 2475 2477 2467
f 157 2465 2472
f 622 2478 2465
f 624 2472 2478
f 2465 2478 2472
f 623 2477 2476
f 624 2478 2477
f 622 2476 2478
f 2477 2478 2476
f 10 2100 1195
f 544 2479 2100
f 307 1195 2479
f 2100 2479 1195
f 147 2480 2103
f 625 2481 2480
f 544 2103 2481
f 2480 2481 2103
f 82 1200 2483
f 307 2482 1200
f 625 2483 2482
f 1200 2482 2483
f 544 2481 2479
f 625 2482 2481
f 307 2479 2482
f 2481 2482 2479
f 42 2484 2113
f 626 2485 2484
f 547 2113 2485
f 2484 2485 2113
f 160 2486 2488
f 627 2487 2486
f 626 2488 2487
f 2486 2487 2488
f 147 2118 2490
f 547 2489 2118
f 627 2490 2489
f 2118 2489 2490
f 626 2487 2485
f 627 2489 2487
f 547 2485 2489
f 2487 2489 2485
f 24 1206 2492
f 312 2491 1206
f 629 2492 2491
f 1206 2491 2492
f 82 2493 1210
f 628 2494 2493
f 312 1210 2494
f 2493 2494 1210
f 160 2495 2497
f 629 2496 2495
f 628 2497 2496
f 2495 2496 2497
f 312 2494 2491
f 628 2496 2494
f 629 2491 2496
f 2494 2496 2491
f 147 2490 2480
f 627 2498 2490
f 625 2480 2498
f 2490 2498 2480
f 160 2497 2486
f 628 2499 2497
f 627 2486 2499
f 2497 2499 2486
f 82 2483 2493
f 625 2500 2483
f 628 2493 2500
f 2483 2500 2493
f 627 2499 2498
f 628 2500 2499
f 625 2498 2500
f 2499 2500 2498
f 9 1597 2073
f 413 2501 1597
f 536 2073 2501
f 1597 2501 2073
f 112 2502 1601
f 630 2503 2502
f 413 1601 2503
f 2502 2503 1601
f 144 2077 2505
f 536 2504 2077
f 630 2505 2504
f 2077 2504 2505
f 413 2503 2501
f 630 2504 2503
f 536 2501 2504
f 2503 2504 2501
f 31 2506 1613
f 631 2507 2506
f 417 1613 2507
f 2506 2507 1613
f 161 2508 2510
f 632 2509 2508
f 631 2510 2509
f 2508 2509 2510
f 112 1618 2512
f 417 2511 1618
f 632 2512 2511
f 1618 2511 2512
f 631 2509 2507
f 632 2511 2509
f 417 2507 2511
f 2509 2511 2507
f 42 2082 2514
f 540 2513 2082
f 634 2514 2513
f 2082 2513 2514
f 144 2515 2086
f 633 2516 2515
f 540 2086 2516
f 2515 2516 2086
f 161 2517 2519
f 634 2518 2517
f 633 2519 2518
f 2517 2518 2519
f 540 2516 2513
f 633 2518 2516
f 634 2513 2518
f 2516 2518 2513
f 112 2512 2502
f 632 2520 2512
f 630 2502 2520
f 2512 2520 2502
f 161 2519 2508
f 633 2521 2519
f 632 2508 2521
f 2519 2521 2508
f 144 2505 2515
f 630 2522 2505
f 633 2515 2522
f 2505 2522 2515
f 632 2521 2520
f 633 2522 2521
f 630 2520 2522
f 2521 2522 2520
f 2 1144 1569
f 294 2523 1144
f 404 1569 2523
f 1144 2523 1569
f 79 2524 1147
f 635 2525 2524
f 294 1147 2525
f 2524 2525 1147
f 108 1573 2527
f 404 2526 1573
f 635 2527 2526
f 1573 2526 2527
f 294 2525 2523
f 635 2526 2525
f 404 2523 2526
f 2525 2526 2523
f 24 2528 1157
f 636 2529 2528
f 297 1157 2529
f 2528 2529 1157
f 162 2530 2532
f 637 2531 2530
f 636 2532 2531
f 2530 2531 2532
f 79 1162 2534
f 297 2533 1162
f 637 2534 2533
f 1162 2533 2534
f 636 2531 2529
f 637 2533 2531
f 297 2529 2533
f 2531 2533 2529
f 31 1578 2536
f 408 2535 1578
f 639 2536 2535
f 1578 2535 2536
f 108 2537 1582
f 638 2538 2537
f 408 1582 2538
f 2537 2538 1582
f 162 2539 2541
f 639 2540 2539
f 638 2541 2540
f 2539 2540 2541
f 408 2538 2535
f 638 2540 2538
f 639 2535 2540
f 2538 2540 2535
f 79 2534 2524
f 637 2542 2534
f 635 2524 2542
f 2534 2542 2524
f 162 2541 2530
f 638 2543 2541
f 637 2530 2543
f 2541 2543 2530
f 108 2527 2537
f 635 2544 2527
f 638 2537 2544
f 2527 2544 2537
f 637 2543 2542
f 638 2544 2543
f 635 2542 2544
f 2543 2544 2542
f 42 2514 2484
f 634 2545 2514
f 626 2484 2545
f 2514 2545 2484
f 161 2546 2517
f 640 2547 2546
f 634 2517 2547
f 2546 2547 2517
f 160 2488 2549
f 626 2548 2488
f 640 2549 2548
f 2488 2548 2549
f 634 2547 2545
f 640 2548 2547
f 626 2545 2548
f 2547 2548 2545
f 31 2536 2506
f 639 2550 2536
f 631 2506 2550
f 2536 2550 2506
f 162 2551 2539
f 641 2552 2551
f 639 2539 2552
f 2551 2552 2539
f 161 2510 2554
f 631 2553 2510
f 641 2554 2553
f 2510 2553 2554
f 639 2552 2550
f 641 2553 2552
f 631 2550 2553
f 2552 2553 2550
f 24 2492 2528
f 629 2555 2492
f 636 2528 2555
f 2492 2555 2528
f 160 2556 2495
f 642 2557 2556
f 629 2495 2557
f 2556 2557 2495
f 162 2532 2559
f 636 2558 2532
f 642 2559 2558
f 2532 2558 2559
f 629 2557 2555
f 642 2558 2557
f 636 2555 2558
f 2557 2558 2555
f 161 2554 2546
f 641 2560 2554
f 640 2546 2560
f 2554 2560 2546
f 162 2559 2551
f 642 2561 2559
f 641 2551 2561
f 2559 2561 2551
f 160 2549 2556
f 640 2562 2549
f 642 2556 2562
f 2549 2562 2556
f 641 2561 2560
f 642 2562 2561
f 640 2560 2562
f 2561 2562 2560
